64,78,81,82:55,64,78,80,82:0.0484109337244
33,36,37,38,40,41,42,84:48,81,84:-0.0326724624104
46,48,81,82:48,64,81,82,84:0.0137782267307
46,81,82:78,80,82:-0.0512259224843
20,24,81,82:46,78,80:-0.106344462333
64,78,81:48,84:-0.198089922913
46,48,84:46,82:0.0528525785232
6,7,8,9,10,11,84:64,78,80,82:-0.275507712211
46,48,82,84:48,84:0.0836493319177
46,82,84:46,78,81,82:-0.0353773005224
19,82:48,81:0.00287817128163
48,84:64,78,82:-0.199740325857
48,81:46,48,81:0.112578261227
48,81,82:80,82:-0.0193330866778
55,56,59,63,64,65,66,78,82:64,78,81,82:0.0308833724113
46,48,82:46,81:0.0866382090398
78,80,82:46,48,64,81,84:-0.105433512071
78,81,82:46,48,64,82,84:-0.0609429573944
48,81,84:64,81:-0.0731885880283
64,78,81,82:78,82:0.0610310963292
46,48,81,82:64,78,80,81,82:-0.0540847560603
20,24,81,82:64,80,81:-0.0250442963927
46,48,84:19,81,82:-0.0898247100244
81,82:48,84:-0.0766270371322
48,64,81,82,84:46,78,80:-0.0653031412729
46,48,82,84:48,64,82,84:0.00244497577143
48,84:78,80,82:-0.208976668157
14,15,19,20,23,24,25,64,81,82:46,82,84:-0.110282378899
48,81,82:46,64,81,82:0.0321187810138
55,56,59,63,64,65,66,78,82:55,64,78,80,82:0.0930674590478
46,48,82:48,81,82:0.0735142627967
64,78,80,82:64,78,81,82:0.0575659351855
78,81,82:23,82:0.0231973619683
48,81,84:15,20,81,82:-0.0550051795829
64,80,81,82:48,64,84:-0.0770912506314
46,48,81,82:64,82:-0.0286794936584
20,24,81,82:78,81:-0.000986070670563
46,48,64,81,82,84:20,24,81,82:-0.0480913128666
46,48,84:48,81:0.0685394750751
48,64,81,82,84:48,64,84:-0.0242235218761
6,7,8,9,10,11,84:46,84:-0.0437355103356
46,48,82,84:48,82:0.0654350712867
46,48,64,84:46,48,81,82,84:0.0170699031377
48,84:19,81,82:-0.112444518571
14,15,19,20,23,24,25,64,81,82:80,82:-0.03473438471
55,56,59,63,64,65,66,78,82:46,82,84:-0.117071256725
46,48,81:55,64,78,80,82:-0.137795831358
64,78,80,82:48,64,81,82,84:-0.0621042217547
48,64,82,84:78,80,82:-0.0707369093718
78,81,82:48,81,82:0.009425811146
48,81,84:46,48,81:0.0687844167258
64,80,81,82:46,78,81,82:0.00391623299848
46,48,81,82:78,80,81,82:-0.0420119034853
48,64,84:64,82:-0.0606206244835
20,24,81,82:46,48,81,84:-0.0620877674852
46,48,64,81,82,84:46,48,81,84:0.0185968677893
46,82:23,82:0.00466429984825
46,48,84:46,48,82,84:0.0953762841315
6,7,8,9,10,11,84:48,81,82,84:-0.167524645958
46,48,82,84:78,82:-0.112263718118
46,48,64,84:46,48,64,81,84:0.00538905957673
48,84:46,64,81,82:-0.0678666297971
14,15,19,20,23,24,25,64,81,82:48,64,84:-0.15248134646
55,56,59,63,64,65,66,78,82:19,82:-0.0310080572605
19,20,81,82:46,48,81,82:0.00496891112816
48,81,82,84:19,20,81,82:-0.024784611159
64,78,80,82:46,82,84:-0.130286395702
48,64,82,84:64,82:-0.028110882674
78,81,82:64,80,81:0.0273681477066
48,81,84:64,82:-0.100546521003
64,80,81,82:46,82,84:-0.0871427295623
20,24,81,82:46,48,81,82:0.00382574191305
48,82:78,80,81,82:-0.0359389598918
46,82:55,64,78,80,82:-0.0697378768138
46,48,84:48,82,84:0.0740971916198
81,82:46,64,81,82:0.0467109839812
48,64,81,82,84:46,81:0.00494532694194
46,48,82,84:55,64,78,80,82:-0.140041924118
46,48,64,84:78,80,81,82:-0.103430204671
46,84:23,82:-0.122424393129
48,81:46,48,81,84:0.0759546074344
14,15,19,20,23,24,25,64,81,82:78,81,82:-0.00362432456347
55,56,59,63,64,65,66,78,82:14,15,19,20,23,24,25,64,81,82:-0.0654539038608
19,20,81,82:46,48,81,84:-0.0584448450165
46,48,64,82,84:46,48,81,82,84:0.0144308562069
48,81,82,84:64,78,80,82:-0.108038554606
82,84:64,80,81:-0.107994029049
64,78,80,82:46,78,81,82:-0.013771559803
48,64,82,84:46,48,81:0.00338421204259
64,80,81,82:15,20,81,82:-0.00625756779618
64,78,80,81,82:46,82,84:-0.110121723172
55,64,78,82:64,78,81:0.0572865358711
48,82:46,48,64,81,84:0.0263632107762
46,48,64,81,82,84:55,64,78,82:-0.0815722980657
46,82:78,82:-0.0313997436319
81,82:78,81:0.0429147047648
46,48,64,84:48,82:0.0276846598653
46,84:64,78,82:-0.203320615719
14,15,19,20,23,24,25,64,81,82:46,64,81,82:-0.0239979074567
64,80,82:64,81,82:0.0415594392037
64,80,81:78,80,81,82:0.0495312180931
55,56,59,63,64,65,66,78,82:48,84:-0.17919480069
19,20,81,82:19,81,82:0.121197537086
82,84:78,81,82:-0.0774894026128
55,64,78,80:46,78,80:0.0324355793832
48,64,82,84:48,64,81,82,84:-0.0169287704641
64,80,81,82:64,81:0.0474367106113
64,81,82:48,81,82:0.021765037432
64,78,80,81,82:46,48,64,81,84:-0.0814109230533
55,64,78,82:19,20,81,82:-0.0710179226565
46,48,64,81,82,84:46,48,64,82,84:-0.000906746285073
46,48,84:33,36,37,38,40,41,42,84:-0.00446333168305
81,82:48,64,84:-0.0611187795822
46,48,64,84:48,64,82,84:-0.00918939086709
46,84:78,82:-0.194595496556
48,82,84:81,82:-0.0211015987083
14,15,19,20,23,24,25,64,81,82:64,80,82:-0.0551474004141
64,80,81:46,78,81,82:-0.0103477072007
55,56,59,63,64,65,66,78,82:48,81:-0.140568935025
19,20,81,82:46,82:-0.0116679034229
20,81,82:64,78,82:-0.0368174410561
82,84:46,48,81,82,84:-0.000599692438579
55,64,78,80:78,80,81,82:0.0456515487693
48,81,84:48,81,82,84:0.0354683202231
64,81,82:46,81:0.00137497332877
19,81,82:55,64,78,80,82:-0.0563739691004
64,78,80,81,82:64,81:0.0433911901762
55,64,78,82:48,81,84:-0.164044609639
46,48,64,81,82,84:46,48,81:0.0405989706621
81,82:64,78,82:0.00813593888272
46,48,64,84:64,78,80,82:-0.115507889768
46,84:48,64,81,82,84:-0.0277371939617
48,82,84:64,78,80,82:-0.128407817906
14,20,81,82:64,82:-0.0245472170756
14,15,19,20,23,24,25,64,81,82:82,84:-0.0984206147858
64,80,82:81,82:0.0036754523315
55,56,59,63,64,65,66,78,82:46,48,82,84:-0.121290618353
19,20,81,82:46,78,80:-0.100205157977
20,81,82:78,82:-0.0158458710568
82,84:46,48,64,82,84:-0.01598334955
55,64,78,80:46,48,64,81,84:-0.1312061793
48,81,84:46,48,81,82:0.0420833736569
80,82:46,48,64,81,84:-0.0753330238154
64,81,82:80,82:0.0361518177586
19,81,82:23,82:0.100129556844
19,82:78,81:-0.00795404780098
64,78,80,81,82:14,20,81,82:-0.033706801568
46,48,64,81,82,84:64,82:-0.0357337483559
46,81:64,78,82:-0.0920558457048
46,84:64,78,80,81,82:-0.183486924283
14,20,81,82:78,80,82:-0.0629742482502
14,15,19,20,23,24,25,64,81,82:46,84:-0.181339361562
64,80,82:48,82:-0.0392427966075
64,80,81:48,64,81,82,84:-0.045685499958
19,20,81,82:46,48,81,82,84:-0.0356253631548
20,81,82:55,64,78,80,82:-0.0656835081592
33,36,37,38,40,41,42,84:46,48,64,81,84:-0.0607390757002
55,64,78,80:48,64,82,84:-0.0828054506233
78,80,81,82:46,48,64,82,84:-0.0737462012581
48,81,84:82,84:0.00164049154057
80,82:46,48,81,82,84:-0.0761424257497
64,78,81:15,20,81,82:-0.0344795975623
64,81,82:48,64,84:-0.0639239207749
19,81,82:64,78,82:-0.0295207194033
19,82:46,64,81,82:0.00302739216305
55,64,78,82:46,78,81,82:-0.0185074612891
46,48,64,81,82,84:64,78,81,82:-0.0501250666288
46,48,81,82,84:64,82:-0.0649217701193
78,81:14,20,81,82:-0.00479295317392
46,48,82:46,48,81,84:0.0765675013218
46,81:23,82:0.00793043414128
46,84:64,78,81:-0.198240584234
48,82,84:46,48,82:0.0594337179279
14,20,81,82:46,48,64,82,84:-0.0888450636024
14,15,19,20,23,24,25,64,81,82:48,81,82,84:-0.0568707246091
64,80,82:64,81:0.0407318604836
20,81,82:64,78,80,81,82:-0.0136761472407
33,36,37,38,40,41,42,84:78,80,81,82:-0.138215453651
55,64,78,80:48,82:-0.101502158835
46,81,82:46,48,81,82:0.0760054774388
78,80,81,82:78,80,82:0.0635939906069
80,82:46,78,80:0.0346796072911
64,78,81:48,64,82,84:-0.0702888071771
6,7,8,9,10,11,84:78,82:-0.300119431491
19,81,82:46,82:0.0102868301777
19,82:46,78,80:-0.0782465340226
55,64,78,82:46,82,84:-0.125417092627
46,48,64,81,82,84:48,64,81,82,84:-0.00963740466209
46,48,82:46,48,81,82:0.0937938523624
46,84:46,81,82:0.000667810175637
48,82,84:46,48,81:0.0503554839589
14,20,81,82:46,81:0.0177567200484
14,15,19,20,23,24,25,64,81,82:46,48,64,81,82,84:-0.0762437062307
64,80,82:46,48,64,81,84:-0.0805117901465
20,81,82:14,20,81,82:0.12594497216
82,84:46,48,81,84:0.00236823869224
33,36,37,38,40,41,42,84:46,78,80:-0.0957771682554
55,64,78,80:46,48,64,84:-0.13406901949
46,81,82:46,48,81,84:0.0365752452688
46,48,81,84:78,80,81,82:-0.111677603188
64,78,81:46,78,81,82:-0.00322922992728
6,7,8,9,10,11,84:64,78,82:-0.294335815015
19,82:78,80,82:-0.0284361866176
55,64,78,82:80,82:0.0507027462562
64,81:46,82,84:-0.0878077769287
78,81:55,64,78,80,82:0.0209014767821
46,84:48,81,84:0.0545308454988
48,82,84:46,48,64,82,84:0.0147716628176
64,80,82:46,48,81:-0.0954748838079
33,36,37,38,40,41,42,84:46,64,81,82:-0.132666988929
46,64,81,82:48,64,84:-0.047355360168
55,64,78,80:64,78,80,82:0.114694275831
46,81,82:64,78,80,82:-0.0586410967704
64,78,82:64,82:0.0838421991762
46,48,81,84:46,78,80:-0.103575841649
64,78,81:78,82:0.057207106989
6,7,8,9,10,11,84:23,82:-0.227948328063
55,64,78,82:64,80,81:0.0347273182443
78,82:46,48,81,82,84:-0.0934095711383
64,81:80,82:0.0225878155742
48,81,82,84:64,78,80,81,82:-0.0817191263025
78,81:46,82,84:-0.115750365333
48,82,84:78,80,82:-0.124227419535
15,20,81,82:46,48,81:-0.0153338165333
33,36,37,38,40,41,42,84:78,81:-0.145631017034
46,48,81,82:48,84:0.0313347370239
46,64,81,82:46,78,81,82:0.0178881372988
46,81,82:64,78,81,82:-0.0123275853795
46,48,81,84:46,48,81,82,84:0.0559000008116
46,48,84:48,64,84:0.0243348248656
6,7,8,9,10,11,84:19,81,82:-0.251848288058
55,64,78,82:78,81,82:0.0274923118007
78,82:46,48,64,81,84:-0.0941467494648
48,81:46,81:0.0970649937665
64,81:48,64,84:-0.070032358259
48,81,82,84:48,64,81,82,84:-0.00194112989163
46,48,82:46,48,81,82,84:0.0703155143727
48,82,84:48,81,82:0.0270622498056
64,78,81,82:46,82:-0.030880947513
64,80,81,82:48,84:-0.151723571472
15,20,81,82:64,82:-0.0237106845153
33,36,37,38,40,41,42,84:64,81,82:-0.157069433703
46,64,81,82:46,82,84:-0.0214060063203
55,64,78,80:46,48,82:-0.136460959185
46,81,82:14,20,81,82:0.0309487874666
20,24,81,82:78,80,82:-0.0581311461851
46,48,81,84:78,81:-0.112357218656
46,48,84:80,82:-0.140613583408
64,81,82:20,81,82:0.0399286829057
6,7,8,9,10,11,84:46,82:-0.253498611405
19,82:46,48,81,82:0.00191388594069
46,78,80:55,64,78,80,82:0.0257978476751
78,82:78,80,81,82:0.0560781589154
48,81:19,81,82:0.0346521156918
48,81,82:23,82:0.0304188413567
55,56,59,63,64,65,66,78,82:15,20,81,82:-0.0839468733117
48,81,82,84:78,82:-0.0829363260194
46,48,82:46,78,80:-0.052678166202
48,82,84:46,81:0.0138382525218
55,64,78,80,82:46,78,81,82:-0.0244182000159
64,78,81,82:48,81,82:-0.0118514196006
64,80,81,82:46,81,82:-0.0090179849553
33,36,37,38,40,41,42,84:46,48,81,82:-0.108649679678
46,48,81,82:48,82:0.0809814753687
46,64,81,82:15,20,81,82:-0.00161981427801
55,64,78,80:55,64,78,82:0.120220222632
46,81,82:46,48,81:0.0816096781944
20,24,81,82:46,48,64,82,84:-0.0833605515594
46,48,81,84:64,80,81:-0.114951250017
46,48,84:46,82,84:0.066528028435
6,7,8,9,10,11,84:46,48,82,84:-0.145994802113
46,48,82,84:64,78,81:-0.130751643888
19,82:46,48,64,84:-0.100831082804
48,84:80,82:-0.159888630405
48,81:78,80,82:-0.0983190208807
48,81,82:64,78,82:-0.0425292289643
55,56,59,63,64,65,66,78,82:46,64,81,82:-0.0378459048932
64,81:46,64,81,82:0.0209617271272
48,81,82,84:46,78,81,82:-0.0230183333858
46,48,82:78,80,81,82:-0.0621789390173
78,81,82:46,78,80:-0.00953375917545
64,78,81,82:23,82:0.00369648314848
64,80,81,82:46,48,82:-0.0471756414446
33,36,37,38,40,41,42,84:48,81,82,84:-0.069730076222
46,48,81,82:64,80,81:-0.0546146910685
46,81,82:46,48,64,81,84:0.0130828722893
20,24,81,82:46,48,81:-0.0147364350993
64,78,81:82,84:-0.115999302374
46,48,84:48,82:0.0642063233004
48,64,81,82,84:46,48,64,82,84:-0.0128027125147
6,7,8,9,10,11,84:48,81:-0.2300750582
46,48,82,84:82,84:0.0120210921241
46,82,84:48,64,84:-0.0152158507681
19,82:64,78,80,82:-0.0379212118916
48,84:46,82,84:0.0502524842501
48,81:46,78,80:-0.0741150443915
48,81,82:78,82:-0.0259522875262
55,56,59,63,64,65,66,78,82:78,81,82:0.000318356791334
46,48,82:15,20,81,82:-0.0399393663333
78,81,82:78,80,81,82:0.0435485069805
48,81,84:48,81,82:0.0335241807537
64,78,81,82:80,82:0.04167102964
46,48,81,82:78,81:-0.0440081196085
20,24,81,82:14,20,81,82:0.139544822402
46,48,84:64,81:-0.123818802977
81,82:46,48,81,84:-0.00656428799923
48,64,81,82,84:46,48,81:0.0167191410504
46,48,82,84:19,81,82:-0.0510788441965
46,82,84:64,78,82:-0.119092602216
48,84:46,78,81,82:-0.0914134176211
14,15,19,20,23,24,25,64,81,82:64,78,82:-0.0696675094021
48,81,82:48,64,81,82,84:0.0171371292133
55,56,59,63,64,65,66,78,82:48,64,84:-0.0786037273698
46,48,81:46,78,80:-0.0696275663066
46,48,82:48,64,82,84:0.0157239558792
64,78,80,82:78,81,82:0.0362102103639
78,81,82:46,48,64,81,84:-0.062726085058
48,81,84:46,82:0.0148705984082
64,80,81,82:55,64,78,80,82:0.0447622254426
46,48,81,82:46,48,81,82,84:0.0581371812728
20,24,81,82:64,78,81,82:-0.01054223715
46,48,64,81,82,84:46,48,64,84:-0.00206916152701
46,48,84:48,84:0.13789998974
48,64,81,82,84:64,82:-0.0244029719586
6,7,8,9,10,11,84:48,82,84:-0.130573106808
46,48,82,84:46,81:0.0481175584339
46,48,64,84:64,82:-0.0685623759481
48,84:64,81:-0.14355851254
14,15,19,20,23,24,25,64,81,82:23,82:0.114700431696
55,56,59,63,64,65,66,78,82:80,82:-0.00898446291654
48,81,82,84:46,81,82:0.026407545597
46,48,81:46,48,81,82,84:0.0762246855358
64,78,80,82:64,80,81:0.0694441609502
48,64,82,84:46,48,64,81,84:-0.015723788875
78,81,82:48,64,82,84:-0.0547763183257
48,81,84:46,48,64,82,84:0.00597296728057
64,80,81,82:78,82:0.0430831692273
46,48,81,82:46,78,80:-0.0524089445193
20,24,81,82:64,78,80,82:-0.068525629691
46,48,64,81,82,84:64,78,80,82:-0.0790396631796
46,82:46,78,81,82:0.0272672579371
46,48,84:19,20,81,82:-0.11939601249
81,82:46,82:0.0478387969341
6,7,8,9,10,11,84:19,82:-0.238582800385
46,48,82,84:64,78,82:-0.125284342826
46,48,64,84:46,48,81:0.0396907270275
48,84:15,20,81,82:-0.145346188639
14,15,19,20,23,24,25,64,81,82:55,64,78,80,82:-0.081229084007
55,56,59,63,64,65,66,78,82:48,81,82,84:-0.123827153539
19,20,81,82:64,81,82:0.0290105352096
48,81,82,84:46,48,82,84:0.0346276059093
82,84:46,81:-0.023265675271
64,78,80,82:80,82:0.0841772413037
48,64,82,84:78,80,81,82:-0.0635180272555
78,81,82:48,82:-0.0129288216463
48,81,84:46,48,81,82,84:0.0419268466517
64,80,81,82:64,78,82:0.0527799098351
20,24,81,82:81,82:0.0938835767739
64,78,80,81,82:78,82:0.0586259616757
48,82:46,78,80:-0.0486909442346
46,82:46,82,84:0.044995764288
46,48,84:46,48,82:0.0958754027557
81,82:14,20,81,82:0.0920745078341
46,48,82,84:48,64,84:0.00532435719755
46,48,64,84:46,48,64,82,84:0.00740775506023
46,84:46,48,64,81,84:0.018520064608
48,81:20,81,82:0.0346615379022
14,15,19,20,23,24,25,64,81,82:64,78,81,82:-0.0267116013781
64,80,81:46,48,81:-0.077045951041
55,56,59,63,64,65,66,78,82:46,84:-0.180741962107
19,20,81,82:20,81,82:0.123002932037
46,48,64,82,84:46,48,64,81,84:-0.000220554408059
48,81,82,84:48,81:0.0578016250674
82,84:48,64,81,82,84:-0.0271102117173
64,78,80,82:23,82:-0.0305127105863
48,64,82,84:46,78,80:-0.0687286067233
64,80,81,82:46,81:-0.0352507032303
64,82:46,78,81,82:0.00984031940692
64,78,80,81,82:64,78,82:0.0673002253811
55,64,78,82:64,81,82:0.0242002036968
48,82:78,80,82:-0.0549444179957
46,48,64,81,82,84:19,82:-0.041845425724
46,82:80,82:-0.0193918336437
81,82:64,78,80,81,82:0.0193711533048
46,48,64,84:46,82:0.0172180358619
46,84:46,82,84:0.0566166319159
14,15,19,20,23,24,25,64,81,82:14,20,81,82:0.130599244768
64,80,82:64,78,81:0.0550442992474
64,80,81:46,48,64,82,84:-0.0734948279585
55,56,59,63,64,65,66,78,82:82,84:-0.107085372053
19,20,81,82:48,64,82,84:-0.0791441795267
82,84:64,78,81,82:-0.0901173310212
55,64,78,80:46,48,81:-0.175937803892
48,64,82,84:46,64,81,82:-0.0242250969265
64,80,81,82:19,81,82:0.0104661031187
64,81,82:64,81:0.056062097453
64,78,80,81,82:23,82:-0.00861170517527
55,64,78,82:46,48,82,84:-0.131780581262
46,48,64,81,82,84:78,80,81,82:-0.0583736338633
81,82:55,64,78,80,82:-0.0304417855548
46,48,64,84:48,81,82:0.00197185842243
46,84:48,82:0.0233867673105
48,82,84:46,48,81,82:0.0358955510305
14,15,19,20,23,24,25,64,81,82:19,20,81,82:0.13018729273
64,80,81:78,80,82:0.0608578347641
55,56,59,63,64,65,66,78,82:64,80,82:0.0348698311461
19,20,81,82:15,20,81,82:0.13238854846
20,81,82:46,82,84:-0.0590789572032
82,84:64,82:-0.0702362666042
55,64,78,80:64,82:0.0775459026448
48,81,84:20,24,81,82:-0.0544077981489
64,81,82:48,82:0.0027727997419
19,81,82:48,64,84:-0.0967453734992
19,82:48,81,82:0.0271404880902
64,78,80,81,82:19,81,82:-0.00930188313321
46,48,64,81,82,84:46,48,64,81,84:-0.000164588047452
81,82:78,82:0.0272550405652
46,48,64,84:46,48,81,84:0.0311774456835
46,84:64,80,81:-0.176081209435
48,82,84:46,48,81,84:0.0468931562995
14,20,81,82:46,48,81,82,84:-0.0421963736385
14,15,19,20,23,24,25,64,81,82:48,84:-0.180735303779
64,80,82:48,64,81,82,84:-0.046096716901
55,56,59,63,64,65,66,78,82:19,20,81,82:-0.0783614504707
19,20,81,82:78,80,81,82:-0.0103914702743
20,81,82:46,78,81,82:0.0102325445908
82,84:46,48,81:-0.0020156067475
55,64,78,80:78,80,82:0.100787004539
48,81,84:81,82:-0.0106618225752
80,82:78,80,82:0.0897940444719
64,78,81:14,20,81,82:-0.0386710876007
64,81,82:46,82,84:-0.0615677140288
19,81,82:80,82:-0.00498833657843
19,82:64,78,81,82:-0.00165481540205
64,78,80,81,82:46,82:-0.0458047523748
46,48,64,81,82,84:46,48,81,82,84:0.015626077168
46,48,64,84:20,24,81,82:-0.119078757687
78,81:15,20,81,82:-0.00207861726301
46,81:78,82:-0.0766477674166
46,84:78,81:-0.186975449328
14,20,81,82:46,78,80:-0.112519440107
64,80,82:46,81:-0.0823622307823
64,80,81:46,81:-0.053971951921
19,20,81,82:64,82:-0.0186885258875
20,81,82:48,64,84:-0.109435716177
33,36,37,38,40,41,42,84:23,82:-0.09186784904
55,64,78,80:19,81,82:-0.0867571496973
48,81,84:20,81,82:-0.0400035963002
80,82:46,48,64,82,84:-0.0582468192597
64,78,81:46,82:-0.0634133648622
64,81,82:55,64,78,80,82:0.0216220432638
19,81,82:46,82,84:-0.0521438130606
19,82:48,64,81,82,84:-0.0354613267673
55,64,78,82:78,80,82:0.0785255211567
46,48,64,81,82,84:78,81,82:-0.0417632850402
46,48,81,82,84:78,80,82:-0.114326220753
78,81:46,64,81,82:-0.0014485332586
46,48,82:48,84:0.0664967936038
46,81:46,78,81,82:0.0259359551907
46,84:48,81:0.0310068145391
14,20,81,82:78,80,81,82:-0.0155266628464
14,15,19,20,23,24,25,64,81,82:19,82:0.112291659706
64,80,82:48,81,82:-0.0381164283987
20,81,82:78,81:0.0144165926339
33,36,37,38,40,41,42,84:46,48,64,82,84:-0.0681022498736
64,78,80,82:64,78,81:0.0651797986808
55,64,78,80:46,81:-0.163066689212
78,80,81,82:46,48,64,81,84:-0.0790463231144
80,82:46,48,81:-0.0744475238586
64,78,81:19,81,82:-0.0121775808364
6,7,8,9,10,11,84:80,82:-0.266880369292
19,81,82:48,82:0.00863740784149
19,82:46,48,81:-0.0226698593149
55,64,78,82:64,78,82:0.0977926306795
46,48,64,81,82,84:64,80,81:-0.0586537952854
78,81:78,81,82:0.0539779183741
46,48,82:81,82:0.0319756817981
46,84:46,48,82,84:0.074532770657
48,82,84:46,78,80:-0.100934185382
14,20,81,82:15,20,81,82:0.136303507145
64,80,82:78,80,82:0.0897742366874
20,81,82:46,64,81,82:0.0157180476543
82,84:20,81,82:-0.060161506755
33,36,37,38,40,41,42,84:46,82:-0.120181286132
55,64,78,80:46,48,81,82:-0.132284424024
46,81,82:20,81,82:0.0472109238907
46,48,81,84:46,48,64,82,84:0.0191229966762
64,78,81:23,82:-0.0192247050963
6,7,8,9,10,11,84:48,64,84:-0.119916855901
19,82:64,82:0.00464441699688
55,64,78,82:46,81:-0.121556495274
46,48,64,81,84:46,78,81,82:-0.0315964679286
64,81:64,78,82:0.0426147132666
48,81,82,84:64,81:-0.0489876707557
78,81:48,64,84:-0.115224471273
46,48,82:19,82:-0.0229770371345
46,84:55,64,78,82:-0.205581676158
48,82,84:46,48,81,82,84:0.0360176754886
64,80,82:46,48,64,82,84:-0.0646961324215
33,36,37,38,40,41,42,84:14,20,81,82:-0.114859209651
46,64,81,82:55,64,78,80,82:-0.0251751760672
55,64,78,80:64,81,82:0.0117789955834
46,81,82:48,64,82,84:-0.015173590585
64,78,82:46,48,81,82,84:-0.106845783666
46,48,81,84:78,80,82:-0.154225545368
64,78,81:64,78,82:0.0702036380329
6,7,8,9,10,11,84:46,78,81,82:-0.267719503603
55,64,78,82:48,64,81,82,84:-0.0665854015672
78,82:64,82:0.0706601185335
48,81:64,80,81:-0.0538212906003
64,81:23,82:0.0120930815789
48,81,82,84:78,81,82:-0.0474380217091
78,81:80,82:0.0180387323166
48,82,84:46,48,64,81,84:0.00932472243622
64,78,81,82:46,64,81,82:0.0089839513428
15,20,81,82:46,48,64,82,84:-0.0845696945841
33,36,37,38,40,41,42,84:64,78,80,81,82:-0.139816030253
46,48,81,82:82,84:-0.00462955930108
46,64,81,82:78,82:-0.00299382444157
46,81,82:78,81:-0.0138082985308
46,48,81,84:64,82:-0.0985067983378
46,48,84:64,82:-0.128151954751
6,7,8,9,10,11,84:48,64,82,84:-0.168621975622
46,78,80:64,78,82:0.0169627103991
55,64,78,82:64,78,81,82:0.051692920512
78,82:46,48,81:-0.0952208261807
48,81:48,82:0.0834614248501
64,81:55,64,78,80,82:0.0193875246795
48,81,82,84:46,64,81,82:-0.010577822908
46,48,82:55,64,78,80,82:-0.100107254033
48,82,84:64,81:-0.0878339813392
64,78,81,82:15,20,81,82:-0.0128946508892
64,80,81,82:46,48,81,84:-0.0934871373514
15,20,81,82:46,48,81,82,84:-0.039578015246
33,36,37,38,40,41,42,84:64,78,80,82:-0.138748276119
46,64,81,82:64,78,82:-0.00410682326432
55,64,78,80:64,80,81,82:0.0450909189046
46,81,82:64,80,81:-0.0317549383311
20,24,81,82:46,78,81,82:-0.00689688597124
46,48,81,84:64,78,80,81,82:-0.122925842015
46,48,84:78,82:-0.173852645607
64,81,82:82,84:-0.0638517879659
6,7,8,9,10,11,84:15,20,81,82:-0.24448621189
19,82:81,82:0.0761258884368
46,78,80:48,64,84:-0.0913871159119
78,82:46,48,64,82,84:-0.0760475399509
48,81:48,64,82,84:0.00448493878955
48,81,82:46,48,64,81,84:0.017613888436
55,56,59,63,64,65,66,78,82:46,82:-0.0633864360151
48,81,82,84:80,82:-0.0696621598334
46,48,82:46,48,81:0.109955947624
48,82,84:48,82:0.0579528495392
55,64,78,80,82:23,82:-0.033019932371
64,78,81,82:64,81:0.0488488501986
64,80,81,82:64,80,82:0.0667793135636
33,36,37,38,40,41,42,84:46,48,64,84:-0.0399020829278
46,48,81,82:46,81:0.0914996266363
46,64,81,82:46,81:0.0387700990392
46,81,82:46,78,80:-0.0376689895886
20,24,81,82:78,80,81,82:-0.0115346394894
46,48,81,84:48,64,81,82,84:-0.00225462101383
46,48,84:48,64,81,82,84:-0.00506920621873
6,7,8,9,10,11,84:46,81,82:-0.261792162071
46,48,82,84:48,81:0.0572341196946
19,82:20,81,82:0.0987033391447
48,84:78,82:-0.193127692604
48,81:46,48,64,81,84:0.0377503378276
48,81,82:46,82,84:0.0159334000639
55,56,59,63,64,65,66,78,82:19,81,82:-0.0697350937783
64,81:14,20,81,82:0.0101943684554
48,81,82,84:48,64,84:-0.012895851555
46,48,82:14,20,81,82:-0.0424937397136
78,81,82:46,48,81:-0.0401275984266
48,81,84:78,81:-0.107391523168
64,78,81,82:46,78,81,82:0.00925509095351
64,80,81,82:55,64,78,82:0.034773507292
33,36,37,38,40,41,42,84:19,82:-0.102502321362
46,48,81,82:48,81,82:0.0751811992201
46,81,82:46,48,81,82,84:0.0410987712494
20,24,81,82:15,20,81,82:0.136955625702
46,48,84:46,81:0.0571857302979
48,64,81,82,84:78,80,81,82:-0.0471165811823
6,7,8,9,10,11,84:64,78,81:-0.282216457889
46,48,82,84:78,81,82:-0.082374169309
46,82,84:55,64,78,80,82:-0.133107229334
19,82:64,81,82:0.0286251630533
48,84:55,64,78,80,82:-0.210345971423
48,81:78,80,81,82:-0.0491892645325
48,81,82:48,82:0.0786813883153
55,56,59,63,64,65,66,78,82:64,78,80,81,82:0.0190588819548
46,48,82:46,82:0.0999700938178
64,78,80,82:19,81,82:-0.0409243961635
78,81,82:64,82:0.0439163026566
48,81,84:48,64,82,84:-0.00947402899089
64,78,81,82:46,82,84:-0.0966852099248
46,48,81,82:64,78,81,82:-0.0363438066335
20,24,81,82:46,64,81,82:0.000732599461209
46,48,81,84:20,81,82:-0.0442311617501
46,48,84:48,81,82:0.0278568485101
81,82:20,81,82:0.0992733148859
48,64,81,82,84:46,48,64,81,84:-0.0125559823489
46,48,82,84:64,81:-0.086960331967
48,84:23,82:-0.120956589177
14,15,19,20,23,24,25,64,81,82:78,80,81,82:-0.0280433323844
48,81,82:64,80,81:-0.0316544974506
55,56,59,63,64,65,66,78,82:64,82:0.0664242866548
46,48,81:78,80,81,82:-0.0710124754445
46,48,82:19,81,82:-0.00910342574959
64,78,80,82:64,78,80,81,82:0.0727787757299
78,81,82:78,80,82:0.0400196503972
48,81,84:48,82:0.0419382159307
64,80,81,82:46,48,81,82,84:-0.0661002195622
46,48,81,82:55,64,78,80,82:-0.0968241034101
20,24,81,82:78,81,82:0.0191800438697
46,48,64,81,82,84:46,48,82,84:0.0176691699923
46,48,84:82,84:0.0201852618194
48,64,81,82,84:46,48,81,82,84:-0.000812600056698
6,7,8,9,10,11,84:46,48,64,81,82,84:-0.190854508986
46,48,82,84:15,20,81,82:-0.0808917286899
46,48,64,84:48,64,84:0.000867567859128
48,84:48,81,82:0.0101952668854
14,15,19,20,23,24,25,64,81,82:46,78,81,82:-0.036219720204
55,56,59,63,64,65,66,78,82:78,82:0.074072118594
48,81,82,84:64,80,82:-0.0869527493632
46,48,81:64,82:-0.0613787724628
64,78,80,82:14,20,81,82:-0.0738375253012
48,64,82,84:23,82:-0.0560648209453
78,81,82:19,81,82:0.0313243647114
48,81,84:78,80,81,82:-0.110683838494
64,80,81,82:80,82:0.06408227482
46,48,81,82:46,48,81:0.0999816749887
48,64,84:55,64,78,80,82:-0.0983140806482
20,24,81,82:64,81,82:0.029352691113
46,48,64,81,82,84:64,81,82:-0.0213379302803
46,82:78,80,82:-0.0560998196952
46,48,84:64,80,82:-0.161340890566
81,82:15,20,81,82:0.08876851383
46,48,82,84:46,82,84:0.047624124269
46,48,64,84:46,78,80:-0.0837034894681
48,84:46,82:0.00782525294547
14,15,19,20,23,24,25,64,81,82:48,64,82,84:-0.106403113238
55,56,59,63,64,65,66,78,82:46,48,64,81,82,84:-0.0849622034923
19,20,81,82:64,78,80,82:-0.064751038642
48,81,82,84:82,84:-0.00188748558503
82,84:48,82:0.0140065566689
64,78,80,82:78,82:0.0777806978995
48,64,82,84:46,48,64,82,84:-0.00831994257305
78,81,82:46,81:-0.0157372184692
48,81,84:46,48,64,81,84:0.0169161404705
64,80,81,82:64,80,81:0.0598635064226
64,78,80,81,82:80,82:0.0629115529128
55,64,78,82:46,48,81,84:-0.162160152369
48,82:46,48,81:0.0849348620764
46,82:64,78,82:-0.0508283597952
46,48,84:64,80,81,82:-0.132216193193
81,82:64,81:0.0455831710283
46,48,82,84:46,78,81,82:-0.032073079842
46,48,64,84:46,64,81,82:-0.0281955393975
46,84:78,80,82:-0.210132069856
14,15,19,20,23,24,25,64,81,82:78,81:-0.0213522800588
64,80,81:46,78,80:0.0154663811736
55,56,59,63,64,65,66,78,82:33,36,37,38,40,41,42,84:-0.0586624368831
19,20,81,82:64,78,81,82:-0.00926402798844
46,48,64,82,84:78,80,82:-0.0880836709171
48,81,82,84:64,78,81:-0.0897571039486
82,84:48,64,82,84:-0.0211170569743
64,78,80,82:55,64,78,80,82:0.0987002896047
48,64,82,84:46,82:-0.00182969542412
64,80,81,82:48,82:-0.0241627438506
64,81,82:64,78,80,81,82:0.0411303531339
64,82:23,82:0.00882694728588
64,78,80,81,82:48,64,84:-0.0936566863426
55,64,78,82:64,78,80,82:0.089967827529
48,82:64,82:-0.00637950759721
46,48,64,81,82,84:48,81,82,84:0.00675584702098
46,82:46,81:0.0859342595061
81,82:78,81,82:0.0585928958897
46,48,64,84:15,20,81,82:-0.118677165513
46,84:46,48,64,82,84:0.0154720457165
14,15,19,20,23,24,25,64,81,82:64,80,81:-0.0317058883253
64,80,82:48,81:-0.07878194092
64,80,81:46,48,81,82,84:-0.0894251822442
55,56,59,63,64,65,66,78,82:20,81,82:-0.0803865111078
19,20,81,82:48,81,82:0.0329546718835
82,84:78,81:-0.109998395438
55,64,78,80:80,82:0.0718512022253
48,64,82,84:14,20,81,82:-0.0882306661859
64,80,81,82:48,64,82,84:-0.0469565750749
64,81,82:19,81,82:0.0389999463063
64,78,80,81,82:46,78,81,82:-0.00220815822178
55,64,78,82:46,48,64,84:-0.10943491321
46,48,64,81,82,84:64,78,82:-0.0693179907953
81,82:46,48,81,82,84:0.0127384252285
46,48,64,84:64,81:-0.0736091146568
46,84:46,81:0.0417555413932
48,82,84:46,81,82:0.00673075242955
14,15,19,20,23,24,25,64,81,82:46,48,82,84:-0.115911232064
64,80,81:46,48,64,81,84:-0.0729203721122
55,56,59,63,64,65,66,78,82:46,81,82:-0.0913206796148
19,20,81,82:46,81:0.022710143133
20,81,82:46,48,64,82,84:-0.0632420310873
82,84:48,64,84:-0.0239989369785
55,64,78,80:46,48,81,82,84:-0.162754254125
48,81,84:46,48,64,84:0.0169711479882
64,81,82:46,82:0.00199733391541
19,81,82:64,82:-9.41650345039e-05
19,82:48,64,82,84:-0.0634733222506
64,78,80,81,82:48,64,82,84:-0.0610903449946
46,48,64,81,82,84:78,80,82:-0.0803160804413
81,82:80,82:0.0205643107383
46,48,64,84:20,81,82:-0.0963052516579
46,84:48,81,82:-0.00649800772713
48,82,84:20,81,82:-0.060178572094
14,20,81,82:55,64,78,80,82:-0.0860542609207
14,15,19,20,23,24,25,64,81,82:48,81:-0.0153208344324
64,80,82:64,80,81:0.0746342192034
19,20,81,82:46,48,64,82,84:-0.079113017849
20,81,82:23,82:0.0985162683187
82,84:46,78,80:-0.103086873417
55,64,78,80:78,81,82:0.0125265020697
48,81,84:64,78,80,82:-0.155626187708
80,82:46,78,81,82:-0.000676550663522
64,78,81:46,64,81,82:-0.00307662914234
64,81,82:64,78,82:0.0448642837752
19,81,82:78,82:-0.0116075374268
19,82:48,82:0.00241740455217
64,78,80,81,82:15,20,81,82:-0.0309728688481
46,48,64,81,82,84:19,81,82:-0.0254123818591
46,48,64,84:81,82:-0.0444070057545
78,81:46,82:-0.0502772512324
46,48,82:64,78,81:-0.0907266846015
46,81:80,82:-0.0621073450328
46,84:64,78,81,82:-0.16905735124
14,20,81,82:46,48,81:-0.019332682693
14,15,19,20,23,24,25,64,81,82:46,48,84:-0.165158838228
64,80,82:78,81:0.0239027423971
64,80,81:48,82:-0.0552574302161
19,20,81,82:78,80,82:-0.055324846167
20,81,82:48,81,82:0.0461113089999
33,36,37,38,40,41,42,84:46,78,81,82:-0.132906151583
64,78,80,82:48,84:-0.209973899208
55,64,78,80:64,81:0.0183306355839
48,81,84:46,48,81,84:0.0619134972022
80,82:78,80,81,82:0.0618077331912
64,78,81:78,81,82:0.0442459090042
64,81,82:23,82:0.0322154036802
19,81,82:48,64,81,82,84:-0.0215778396445
19,82:64,80,81:-0.0194228544464
55,64,78,82:46,48,64,81,84:-0.104869172566
46,48,64,81,82,84:64,78,80,81,82:-0.0617409893695
46,48,81,82,84:46,48,64,81,84:0.0179763589048
78,81:19,81,82:0.0144071704235
46,48,82:82,84:0.010854864495
46,81:48,64,84:-0.0340900958526
46,84:64,78,80,82:-0.212791765903
48,82,84:46,48,64,81,82,84:0.00652322740437
14,15,19,20,23,24,25,64,81,82:55,64,78,82:-0.0762112660469
64,80,82:48,64,82,84:-0.048654973131
20,81,82:64,78,81,82:0.00477086385208
33,36,37,38,40,41,42,84:46,82,84:-0.0480479376825
64,78,80,82:48,81:-0.10250595081
55,64,78,80:15,20,81,82:-0.115188662161
46,81,82:64,80,82:-0.0405032883069
78,80,81,82:46,48,81,82,84:-0.0803441200716
64,78,81:64,81:0.0572601065775
6,7,8,9,10,11,84:46,48,81:-0.217470001475
19,81,82:46,81:0.036301538028
19,82:80,82:0.00359309545775
55,64,78,82:78,80,81,82:0.0372425883699
46,48,64,81,82,84:14,20,81,82:-0.0529015374412
78,81:64,78,80,81,82:0.0413884359313
46,48,82:64,80,82:-0.0691154542662
46,84:19,20,81,82:-0.138495415712
48,82,84:78,82:-0.104584106953
14,20,81,82:46,82:-0.0169848654825
64,80,82:46,78,81,82:-0.00946017203637
20,81,82:48,64,81,82,84:-0.025952103752
33,36,37,38,40,41,42,84:15,20,81,82:-0.108291282994
55,64,78,80:81,82:-0.0605395514784
46,81,82:82,84:-0.019667589168
46,48,81,84:46,82,84:0.0425302630631
64,78,81:46,48,64,81,84:-0.0854628558785
6,7,8,9,10,11,84:55,64,78,80,82:-0.258442778733
19,81,82:48,81,82:0.0448209948903
19,82:46,48,81,82,84:-0.0369392533261
55,64,78,82:48,82:-0.0579794863667
46,48,64,81,84:23,82:-0.0561716926763
64,81:78,80,81,82:0.0349840001447
48,81,82,84:19,81,82:-0.0106355287166
78,81:64,82:0.0311652826075
46,48,82:48,81,82,84:0.049236237701
46,84:46,48,82:0.0655173917367
48,82,84:64,82:-0.0742166303858
64,80,82:78,80,81,82:0.0583647545203
15,20,81,82:48,82:-0.0175416861943
33,36,37,38,40,41,42,84:64,81:-0.145152691726
46,64,81,82:46,48,81,82,84:-0.00260547374354
55,64,78,80:20,81,82:-0.0993570979978
46,81,82:48,81,82:0.0680527452986
64,78,82:55,64,78,80,82:0.0935394621466
46,48,81,84:46,48,64,81,84:0.0281352012178
64,78,81:46,82,84:-0.125884417157
6,7,8,9,10,11,84:64,78,81,82:-0.290346677112
55,64,78,82:48,64,82,84:-0.0615801994613
78,82:48,64,84:-0.105812737497
48,81:48,64,81,82,84:0.0232279519341
64,81:46,78,81,82:0.00850901666048
48,81,82,84:46,82:0.0278320249398
78,81:78,82:0.051402074125
48,82,84:64,78,80,81,82:-0.109670044257
64,78,81,82:14,20,81,82:-0.0146700851247
64,80,81,82:64,81,82:0.0461069576058
15,20,81,82:78,80,81,82:-0.01389569652
33,36,37,38,40,41,42,84:78,81,82:-0.157388317242
46,48,81,82:64,78,81:-0.0634641351925
46,64,81,82:80,82:0.00159799096523
46,81,82:46,81:0.0926507994793
46,48,81,84:64,81:-0.0759762869838
46,48,84:46,48,81,82,84:0.0673326070911
64,81,82:48,81:0.00215043915526
6,7,8,9,10,11,84:48,81,82:-0.258295817062
46,78,80:46,82,84:-0.0889421189903
55,64,78,82:78,81:0.0237824304836
78,82:46,78,80:0.0115000009725
48,81:64,78,81,82:-0.0418066657539
64,81:48,64,82,84:-0.0466204984288
48,81,82,84:14,20,81,82:-0.0299198037311
46,48,82:48,64,84:0.00586275231353
48,82,84:19,81,82:-0.0532434279514
64,78,81,82:64,78,80,81,82:0.0510085759259
64,80,81,82:20,81,82:0.00808046427627
15,20,81,82:46,48,64,81,84:-0.0698063647041
33,36,37,38,40,41,42,84:48,81:-0.0971180732242
55,64,78,80:46,48,64,81,82,84:-0.10955919682
46,81,82:48,64,81,82,84:0.00494871255191
20,24,81,82:23,82:0.112151922347
46,48,81,84:78,81,82:-0.0846030788886
46,48,84:46,78,80:-0.120900695708
64,81,82:48,84:-0.122073222209
6,7,8,9,10,11,84:46,81:-0.235319575715
19,82:64,80,82:-0.019730032266
46,78,80:46,78,81,82:-0.0223134719158
48,81:48,81,82:0.0883742847374
48,81,82:78,80,82:-0.0504556546847
55,56,59,63,64,65,66,78,82:48,82:-0.0618392745986
48,81,82,84:46,48,81:0.0552813272396
46,48,82:80,82:-0.0459705162658
48,82,84:46,82:0.0274556034752
64,78,81,82:19,81,82:0.00715650269449
64,80,81,82:81,82:0.0330737408833
33,36,37,38,40,41,42,84:20,24,81,82:-0.108684231877
46,48,81,82:15,20,81,82:0.00146468488251
46,64,81,82:48,82:0.0240500339387
46,81,82:78,82:-0.0269308234944
20,24,81,82:64,78,82:-0.0568079430658
46,48,81,84:46,64,81,82:-0.014548265379
46,48,84:64,80,81:-0.158452122717
6,7,8,9,10,11,84:64,80,82:-0.272176440216
46,48,82,84:64,78,80,82:-0.137235081005
19,82:46,48,81,84:-0.0650903470845
48,84:46,78,80:-0.151024738494
48,81:23,82:0.00939823809369
48,81,82:46,48,64,82,84:0.0137367298672
55,56,59,63,64,65,66,78,82:64,81:-0.0123053737714
64,81:64,80,81:0.0553772537945
48,81,82,84:55,64,78,80,82:-0.120393878489
46,48,82:46,64,81,82:0.0257946635972
78,81,82:80,82:0.0331190955869
48,81,84:64,78,81,82:-0.103969022085
64,78,81,82:78,80,82:0.0524483930775
64,80,81,82:48,81,84:-0.0935823709243
33,36,37,38,40,41,42,84:48,82,84:-0.0449444193661
46,48,81,82:48,64,82,84:0.00132762168272
46,81,82:64,82:-0.0108468722282
20,24,81,82:46,82:-0.0128077012719
46,48,84:78,81:-0.169519493832
48,64,81,82,84:64,78,82:-0.0529775600778
6,7,8,9,10,11,84:82,84:-0.104974233715
46,48,82,84:64,78,80,81,82:-0.114307079142
46,82,84:46,48,81,82,84:0.0322066928047
48,84:48,64,84:0.0353270764721
48,81:46,48,64,82,84:0.0227739476358
48,81,82:46,81:0.0716810101249
55,56,59,63,64,65,66,78,82:46,48,64,81,84:-0.104008674998
46,48,82:78,81,82:-0.0371557189872
64,78,80,82:64,81:0.0373511724716
78,81,82:46,48,81,82,84:-0.0550723201011
48,81,84:48,64,81,82,84:-0.00424000111278
64,78,81,82:64,78,82:0.0649935847227
33,36,37,38,40,41,42,84:46,84:0.0183795523047
46,48,81,82:46,78,81,82:0.0191048865441
20,24,81,82:19,81,82:0.116150203442
46,48,64,81,82,84:64,80,82:-0.0598907256814
46,48,84:48,64,82,84:0.00487401749421
81,82:64,81,82:0.0603718733987
48,64,81,82,84:78,80,82:-0.06488515311
6,7,8,9,10,11,84:55,64,78,80:-0.24436913972
46,48,82,84:14,20,81,82:-0.0844494903894
48,84:78,81:-0.190652088188
14,15,19,20,23,24,25,64,81,82:46,48,64,82,84:-0.111923672016
55,56,59,63,64,65,66,78,82:46,48,81,82,84:-0.126470328045
48,81,82,84:19,82:-0.0277325865307
46,48,81:46,48,64,82,84:0.0347069933782
46,48,82:64,81:-0.0483807666234
64,78,80,82:15,20,81,82:-0.0701352956926
48,81,84:46,81:0.042228531383
64,80,81,82:64,82:0.0578104213227
46,48,81,82:48,64,84:-0.0132355641043
20,24,81,82:64,78,80,81,82:-0.0291695276333
46,48,64,81,82,84:19,20,81,82:-0.0451927386402
46,48,84:20,81,82:-0.102153475192
81,82:46,48,81,82:0.0542989129833
6,7,8,9,10,11,84:64,80,81,82:-0.273727146013
46,48,82,84:46,82:0.056318510026
46,48,64,84:55,64,78,80,82:-0.115127269001
48,84:48,64,82,84:0.00671964696698
14,15,19,20,23,24,25,64,81,82:78,80,82:-0.0714431507438
55,56,59,63,64,65,66,78,82:46,78,80:-0.00913600759679
19,20,81,82:46,48,82,84:-0.0756338682944
48,81,82,84:81,82:0.0144909526035
46,48,81:78,80,82:-0.118036252953
64,78,80,82:46,64,81,82:-0.0135725451652
48,64,82,84:46,78,81,82:-0.0407865491071
78,81,82:64,81:0.0394584834974
48,81,84:64,78,82:-0.144190732914
64,80,81,82:46,48,81:-0.0540914485855
46,48,81,82:80,82:-0.0400156873621
48,64,84:23,82:-0.098906443888
20,24,81,82:64,78,81:-0.0338937405167
46,48,64,81,82,84:64,78,81:-0.0680810603992
46,82:46,48,64,81,84:0.0195666865562
46,48,84:46,81,82:0.0202876853253
81,82:46,81:0.0634984611337
46,48,82,84:46,48,64,82,84:0.0257220183289
46,48,64,84:78,82:-0.113185191026
48,84:48,82:0.052368616686
14,15,19,20,23,24,25,64,81,82:48,81,82:0.000396639187502
55,56,59,63,64,65,66,78,82:48,82,84:-0.116039815781
19,20,81,82:48,81:0.0216057256793
48,81,82,84:48,84:0.0414231868789
82,84:46,82:-0.00395996840731
64,78,80,82:46,78,80:0.0302501062343
48,64,82,84:46,82,84:-0.0136837851333
78,81,82:15,20,81,82:0.015900984868
48,81,84:78,80,82:-0.153143821459
64,80,81,82:48,64,81,82,84:-0.0330252540255
64,78,80,81,82:46,48,81:-0.0843159010969
55,64,78,82:20,81,82:-0.0602383372961
48,82:80,82:-0.0179240296913
46,82:78,80,81,82:-0.034834542438
46,48,84:48,81,84:0.0769859594697
81,82:19,81,82:0.0911734611375
48,64,81,82,84:14,20,81,82:-0.0452213142757
46,48,82,84:23,82:-0.0581461446642
46,48,64,84:14,20,81,82:-0.125389560079
46,84:64,82:-0.151139253152
14,15,19,20,23,24,25,64,81,82:46,81:-0.0159248922159
64,80,81:78,82:0.0332765375197
19,20,81,82:78,81:0.00016046991067
46,48,64,82,84:46,78,81,82:-0.03106394683
82,84:48,81,82:-0.00768990578385
64,78,80,82:48,64,84:-0.0994382295888
48,64,82,84:15,20,81,82:-0.0845284365773
64,80,81,82:64,78,81,82:0.0452599399193
64,81,82:78,81,82:0.0473225606812
64,82:46,48,64,81,84:-0.0567641665779
64,78,80,81,82:55,64,78,80,82:0.0615653013754
55,64,78,82:81,82:-0.0258470677778
48,82:46,48,81,82,84:0.0565635399134
46,82:48,82:0.0785015258873
81,82:78,80,82:0.00189647482251
46,48,64,84:64,78,80,81,82:-0.102297060707
46,84:78,80,81,82:-0.174165941843
48,82,84:19,20,81,82:-0.07451570068
14,15,19,20,23,24,25,64,81,82:48,64,81,82,84:-0.0646912660517
64,80,82:48,84:-0.177580951058
64,80,81:64,82:0.0539411141787
55,56,59,63,64,65,66,78,82:46,48,81,84:-0.160655448566
19,20,81,82:64,80,81:-0.0220534479579
82,84:23,82:-0.0546286450945
55,64,78,80:78,82:0.0786671623742
64,80,81,82:48,81,82:-0.00854181917644
64,81,82:46,64,81,82:0.0290297156842
55,64,78,82:20,24,81,82:-0.0747925137055
46,48,64,81,82,84:46,82,84:0.00248015720315
81,82:64,82:0.0299235068287
46,48,64,84:19,81,82:-0.0837053033574
46,84:15,20,81,82:-0.144241771186
48,82,84:64,80,82:-0.103982435157
14,15,19,20,23,24,25,64,81,82:46,48,64,84:-0.147862486626
55,56,59,63,64,65,66,78,82:46,48,81,82:-0.10197768552
19,20,81,82:48,82:-0.0127723208767
20,81,82:78,80,81,82:0.00259496121278
82,84:55,64,78,80,82:-0.116877426971
55,64,78,80:55,64,78,80,82:0.125181515879
48,81,84:46,48,82,84:0.0482345307147
64,81,82:15,20,81,82:0.0260851564997
19,81,82:46,48,81,82,84:-0.0174254415597
19,82:19,81,82:0.111503222384
64,78,80,81,82:48,81,82:-0.0293736134808
46,48,64,81,82,84:46,78,81,82:-0.0185457143412
81,82:46,48,81:0.0424154579312
46,48,64,84:82,84:-0.0168613326971
46,84:48,64,82,84:-0.0181046030015
48,82,84:82,84:0.014510962783
14,20,81,82:48,64,84:-0.136751862349
14,15,19,20,23,24,25,64,81,82:64,78,81:-0.0462259973133
64,80,82:14,20,81,82:-0.0529827004974
19,20,81,82:46,82,84:-0.0737794223775
20,81,82:46,48,64,81,84:-0.051137045611
82,84:78,82:-0.0906926885746
55,64,78,80:64,78,80,81,82:0.0678044569569
48,81,84:64,81,82:-0.0614656438688
80,82:23,82:0.00730779470624
64,78,81:48,64,81,82,84:-0.0525663431348
64,81,82:78,80,81,82:0.0383192708939
19,81,82:46,78,80:-0.0693647825055
19,82:46,81:0.00141036732922
64,78,80,81,82:46,81:-0.0630422781193
46,48,64,81,82,84:64,81:-0.0338783527618
46,48,64,84:46,48,81,82:0.0199279785092
78,81:48,82:-0.0539538900922
46,48,82:48,81:0.087617610907
46,81:46,48,81:0.115028487901
46,84:20,81,82:-0.123123861402
14,20,81,82:80,82:-0.0262603725189
64,80,82:64,78,81,82:0.0520868735965
64,80,81:46,82:-0.0554080915368
19,20,81,82:46,48,64,81,84:-0.0653617992266
20,81,82:48,64,82,84:-0.0648240743342
33,36,37,38,40,41,42,84:48,64,84:-0.0333828923678
64,78,80,82:82,84:-0.113571158402
55,64,78,80:14,20,81,82:-0.121901056727
80,82:64,78,82:0.0629451064036
64,78,81:64,78,80,81,82:0.0558085415515
64,81,82:46,78,81,82:0.0212420289723
19,81,82:64,80,81:-0.00776478027082
19,82:64,78,82:-0.0277353055915
55,64,78,82:46,48,81,82,84:-0.122745707008
46,48,64,81,82,84:15,20,81,82:-0.0495286057318
46,48,81,82,84:23,82:-0.0307184524376
78,81:64,81:0.0473801847151
46,48,82:46,48,82,84:0.0832334437108
46,81:55,64,78,80,82:-0.126270742801
46,84:64,81,82:-0.122848688036
48,82,84:48,81,82,84:0.0294232306844
14,15,19,20,23,24,25,64,81,82:48,81,84:-0.0864381616212
64,80,82:55,64,78,80,82:0.0886745177709
20,81,82:48,82:0.00439907421152
33,36,37,38,40,41,42,84:64,78,82:-0.158098747199
55,64,78,80:46,82:-0.103851422151
78,80,81,82:64,82:0.0482343047854
64,78,81:64,82:0.0575123085589
6,7,8,9,10,11,84:46,78,80:-0.232261606675
19,82:78,82:-0.00841481453044
55,64,78,82:46,48,64,82,84:-0.0805655156807
46,48,64,81,82,84:46,64,81,82:-0.00322669827126
78,81:46,48,64,81,84:-0.0827596224134
46,48,82:46,81,82:0.0728613282186
46,84:20,24,81,82:-0.144634720068
48,82,84:80,82:-0.0854991462276
64,80,82:23,82:-0.0133968546328
20,81,82:64,80,81:-0.0122296646967
82,84:48,84:0.0280021526555
33,36,37,38,40,41,42,84:46,81:-0.101773350699
55,64,78,80:64,80,82:0.100039498053
46,81,82:48,84:-0.0195003089417
64,78,82:46,78,81,82:-0.00234169476299
46,48,81,84:64,78,82:-0.145898085781
64,78,81:78,80,82:0.0548408315341
6,7,8,9,10,11,84:46,48,81,82,84:-0.172471694371
19,81,82:48,64,82,84:-0.0562693418026
19,82:55,64,78,80,82:-0.0410736278795
55,64,78,82:46,82:-0.0607973530618
64,81:46,48,64,82,84:-0.0541642755131
48,81,82,84:48,64,82,84:-0.00831605909239
78,81:46,48,81,82,84:-0.0845458143936
46,48,82:48,81,84:0.0505457947426
46,84:64,80,81,82:-0.152437820141
48,82,84:48,64,84:0.0063157023792
64,80,82:64,78,82:0.0814037287891
15,20,81,82:46,81:0.0204710559593
33,36,37,38,40,41,42,84:19,81,82:-0.116363896504
46,64,81,82:64,82:0.0194164359442
55,64,78,80:46,48,81,84:-0.203111746552
46,81,82:64,81:0.00227565273545
64,78,82:48,64,84:-0.0937198927181
46,48,81,84:23,82:-0.0565130775176
64,78,81:46,48,64,82,84:-0.085361975086
6,7,8,9,10,11,84:78,81:-0.281940395802
55,64,78,82:48,81,82:-0.0675217275746
78,82:55,64,78,80,82:0.0774343427693
48,81:46,64,81,82:0.0255953251216
64,81:78,80,82:0.024128246528
48,81,82,84:15,20,81,82:-0.0282888374047
78,81:46,78,80:-0.0139240991844
48,82,84:78,81,82:-0.081295721189
64,78,81,82:64,80,81:0.0443268956571
64,80,81,82:64,78,80,82:0.0607642068876
15,20,81,82:64,78,82:-0.0590851473622
33,36,37,38,40,41,42,84:82,84:-0.0423420792198
46,48,81,82:48,81:0.0902632093083
46,64,81,82:46,48,81:0.0268248577192
55,64,78,80:46,84:-0.245506067207
46,81,82:48,82:0.0593601553983
46,48,81,84:19,81,82:-0.0380714902714
46,48,84:46,48,64,81,84:0.0374751870385
64,81,82:64,78,81:0.0444493767174
6,7,8,9,10,11,84:64,80,81:-0.260057083089
46,78,80:46,48,64,82,84:-0.067113407406
48,81:78,81:-0.0377389879846
64,81:48,81,82:0.00224944832492
48,81,82,84:78,80,81,82:-0.0717654257724
46,48,82:46,78,81,82:0.0107913660245
48,82,84:46,64,81,82:-0.030189188932
64,78,81,82:78,81,82:0.0489471105153
64,80,81,82:46,48,64,84:-0.0811187971317
15,20,81,82:78,80,82:-0.0604198748699
33,36,37,38,40,41,42,84:64,78,81:-0.145826790243
55,64,78,80:48,82,84:-0.162545964067
46,81,82:46,82,84:0.0201761651744
20,24,81,82:55,64,78,80,82:-0.0805697488777
46,48,81,84:46,82:0.0468797562258
46,48,84:46,48,81:0.0987641706055
6,7,8,9,10,11,84:48,82:-0.24825409389
46,48,82,84:46,48,81,82:0.0567763148603
19,82:46,81,82:0.0261619521219
46,78,80:23,82:-0.0676120617011
48,81:48,64,84:-0.00179276613158
48,81,82:64,82:-0.00744344809723
55,56,59,63,64,65,66,78,82:46,81:-0.142116096441
64,81:46,81:-0.00839406142777
48,81,82,84:46,78,80:-0.0886009589042
46,48,82:78,82:-0.0650554769909
48,82,84:15,20,81,82:-0.0796107293828
64,78,81,82:46,48,81,82,84:-0.0747337922564
64,80,81,82:46,48,81,82:-0.0297067235405
33,36,37,38,40,41,42,84:19,20,81,82:-0.102544927521
46,48,81,82:46,82:0.0822178926967
46,81,82:80,82:-0.0203116226461
20,24,81,82:46,82,84:-0.0765857223955
46,48,81,84:14,20,81,82:-0.0670786976239
46,48,84:14,20,81,82:-0.13171029462
6,7,8,9,10,11,84:81,82:-0.296558299095
46,48,82,84:64,81,82:-0.060037944147
46,82,84:78,80,82:-0.124997687335
19,82:48,84:-0.131591061498
48,84:46,48,81:0.068147196548
48,81:46,78,81,82:0.0109425151511
48,81,82:78,80,81,82:-0.0177962388909
55,56,59,63,64,65,66,78,82:48,81,82:-0.0902892386704
64,81:48,64,81,82,84:-0.0237861465441
48,81,82,84:46,48,81,82,84:0.0324138021097
46,48,82:48,64,81,82,84:0.0163079241074
78,80,82:23,82:-0.0224148963447
78,81,82:78,82:0.0584357375333
48,81,84:78,81,82:-0.0842676006285
64,78,81,82:46,48,64,81,84:-0.0697618944957
64,80,81,82:48,81,82,84:-0.0593249152946
33,36,37,38,40,41,42,84:46,48,64,81,82,84:-0.080766382693
46,48,81,82:19,81,82:0.0224694729348
46,81,82:48,64,84:-0.0399624125039
20,24,81,82:48,82:-0.0139121187257
46,48,84:64,78,81,82:-0.148835724292
48,64,81,82,84:46,82,84:-0.0168396347172
6,7,8,9,10,11,84:48,84:-0.0384909928208
46,48,82,84:78,81:-0.12046466971
46,82,84:64,82:-0.0776200545168
48,84:64,82:-0.146034116956
48,81:46,82,84:0.0284438942104
48,81,82:15,20,81,82:0.0301978220471
55,56,59,63,64,65,66,78,82:78,80,82:0.0399683857722
46,48,82:64,78,80,81,82:-0.0728242172673
64,78,80,82:48,81,82:-0.0567625189736
78,81,82:55,64,78,80,82:0.0226313446655
48,81,84:64,80,81:-0.112103242716
64,78,81,82:78,80,81,82:0.04553107953
46,48,81,82:23,82:0.00703126897097
20,24,81,82:64,81:0.0142729001943
46,48,64,81,82,84:46,81,82:0.0207678727698
46,48,84:64,78,80,82:-0.194554889573
81,82:64,78,80,82:-0.00610321000367
48,64,81,82,84:46,78,81,82:-0.0238201496651
6,7,8,9,10,11,84:14,15,19,20,23,24,25,64,81,82:-0.216546004318
46,48,82,84:46,64,81,82:-0.0153209109705
48,84:64,78,81,82:-0.168343102572
14,15,19,20,23,24,25,64,81,82:46,48,81:-0.0548825253301
55,56,59,63,64,65,66,78,82:46,48,64,82,84:-0.0725168108279
46,48,81:46,82,84:0.0519889684085
64,78,80,82:46,82:-0.0644962628019
48,81,84:80,82:-0.11397615382
64,80,81,82:78,80,82:0.0569611454999
46,48,81,82:64,78,82:-0.0696519578189
20,24,81,82:48,84:-0.145739137522
46,48,64,81,82,84:48,84:0.00791338376522
46,48,84:46,48,81,84:0.0975428600188
6,7,8,9,10,11,84:46,48,82:-0.229589358602
46,48,82,84:46,78,80:-0.0908637915706
46,48,64,84:23,82:-0.0899626949626
48,84:48,64,81,82,84:-0.00945456896961
14,15,19,20,23,24,25,64,81,82:46,48,64,81,84:-0.0978587647622
55,56,59,63,64,65,66,78,82:46,48,81:-0.139393632039
19,20,81,82:46,81,82:0.033690950186
48,81,82,84:46,48,81,82:0.0428168250036
46,48,81:46,48,64,81,84:0.0457643530383
64,78,80,82:46,48,64,82,84:-0.085461442874
48,64,82,84:48,64,84:-0.0126467740057
78,81,82:14,20,81,82:0.0159156719851
48,81,84:46,82,84:0.0236806451492
64,80,81,82:46,78,80:0.0114115160908
46,48,81,82:78,82:-0.053289853548
48,64,84:46,78,81,82:-0.0699514166748
20,24,81,82:48,81:0.020459185098
48,82:64,78,82:-0.047248069933
46,48,64,81,82,84:48,81:0.0353449571152
46,82:46,48,81,82,84:0.0508470658875
46,48,84:46,48,81,82:0.0606960267991
81,82:48,82:0.0450993648329
48,64,81,82,84:15,20,81,82:-0.0424873815559
46,48,82,84:78,80,81,82:-0.105052450867
46,48,64,84:80,82:-0.0886284796065
48,84:46,81:0.0103008573617
48,81:64,78,81:-0.0635149055228
14,15,19,20,23,24,25,64,81,82:64,81:0.00309134543573
55,56,59,63,64,65,66,78,82:46,48,82:-0.0869071917552
19,20,81,82:64,78,81:-0.0309028920819
46,48,64,82,84:55,64,78,80,82:-0.0868835991145
48,81,82,84:46,48,81,84:0.0391614230633
82,84:15,20,81,82:-0.0759443133149
64,78,80,82:46,48,81:-0.122909590641
48,64,82,84:64,78,82:-0.0579490633405
78,81,82:46,82:-0.01127939931
48,81,84:46,78,81,82:-0.0462604623798
64,80,81,82:46,64,81,82:0.0112798590462
20,24,81,82:46,48,82,84:-0.079273419397
64,78,80,81,82:46,78,80:0.0138798290932
55,64,78,82:82,84:-0.109872248662
48,82:78,82:-0.0299319396795
46,82:46,48,64,82,84:0.0271176895964
46,48,84:55,64,78,82:-0.187344799828
81,82:48,64,82,84:-0.0233517651518
48,64,81,82,84:46,64,81,82:-0.00972882250834
46,48,82,84:46,48,64,81,84:0.0224416376921
46,48,64,84:64,80,81:-0.0950383071603
46,84:46,48,81,82,84:0.0463727049651
14,15,19,20,23,24,25,64,81,82:48,82:-0.0504831025656
64,80,81:80,82:0.0643497590508
19,20,81,82:64,78,80,81,82:-0.0269190994329
46,48,64,82,84:23,82:-0.0574781463935
82,84:64,81:-0.0895419734679
64,78,80,82:64,82:0.0781787271751
48,64,82,84:46,81:-0.020339311179
64,80,81,82:78,81:0.0327094585159
64,81,82:64,78,81,82:0.0485855910344
64,82:78,80,82:0.067502849413
64,78,80,81,82:46,48,81,82,84:-0.0910189378018
55,64,78,82:46,48,81,82:-0.0897679908206
48,82:55,64,78,80,82:-0.067377464019
81,82:46,48,64,81,84:-0.0112718832958
46,48,64,84:78,81,82:-0.0919413755052
46,84:46,78,80:-0.133036638907
48,82,84:46,48,82,84:0.0537018317762
14,15,19,20,23,24,25,64,81,82:81,82:0.0669938545604
64,80,82:82,84:-0.0951235578064
64,80,81:48,64,84:-0.0855526522397
55,56,59,63,64,65,66,78,82:64,78,80,82:0.060620894147
19,20,81,82:48,64,81,82,84:-0.0384336121406
46,48,64,82,84:64,78,82:-0.076563279549
82,84:46,78,81,82:-0.0569791819228
55,64,78,80:64,78,82:0.104583471485
64,81,82:14,20,81,82:0.025907219738
55,64,78,82:48,81,82,84:-0.11430543862
46,48,64,81,82,84:80,82:-0.0522308828249
81,82:78,80,81,82:0.0317395077516
46,48,64,84:48,81:0.0226379211565
46,84:46,82:0.0341354941647
48,82,84:48,81:0.0443354985858
14,15,19,20,23,24,25,64,81,82:20,24,81,82:0.132087391009
55,56,59,63,64,65,66,78,82:81,82:-0.0684595063878
19,20,81,82:78,82:-0.0342175766453
20,81,82:46,78,80:-0.0816935476734
82,84:46,82,84:0.00253327939894
55,64,78,80:48,64,84:-0.109965839359
48,81,84:19,20,81,82:-0.051597002976
64,81,82:46,48,81:-0.0175662292813
19,81,82:46,48,64,81,84:-0.0435266088883
19,82:64,81:0.00510518372634
64,78,80,81,82:64,80,81:0.0586656023762
46,48,64,81,82,84:23,82:-0.0347330692498
81,82:46,78,80:-0.0261771793145
46,48,64,84:48,84:0.0501835942139
46,81:78,80,81,82:-0.0480848470788
46,84:19,81,82:-0.110795096235
48,82,84:48,84:0.0799480600772
14,20,81,82:46,78,81,82:-0.0108889093282
14,15,19,20,23,24,25,64,81,82:64,81,82:0.0126714257662
64,80,82:46,64,81,82:-0.00104561299311
64,80,81:46,64,81,82:-1.54188711393e-05
19,20,81,82:64,78,82:-0.0538215897859
20,81,82:78,80,82:-0.0397186445752
82,84:80,82:-0.0786847785864
55,64,78,80:78,81:0.0194518953133
78,80,81,82:46,82,84:-0.101114023764
48,81,84:64,78,81:-0.125952110931
80,82:55,64,78,80,82:0.0701369262058
64,78,81:64,80,81:0.0548761645932
64,81,82:46,48,64,82,84:-0.0375554188988
19,81,82:46,48,81:0.00823971281727
19,82:15,20,81,82:0.106716043526
64,78,80,81,82:48,82:-0.0451272340014
46,48,64,81,82,84:48,81,82:0.024810942971
46,48,64,84:46,81,82:-0.00500589091315
78,81:46,81:-0.0340623491247
46,48,82:64,78,80,82:-0.0956912208391
46,81:46,78,80:-0.0561269448041
46,84:46,48,81,84:0.0783427942713
14,20,81,82:78,82:-0.0395345387049
64,80,82:78,81,82:0.030340027146
64,80,81:15,20,81,82:-0.0256301534383
19,20,81,82:23,82:0.111121277784
20,81,82:19,81,82:0.108980818955
33,36,37,38,40,41,42,84:55,64,78,80,82:-0.121369921675
64,78,80,82:20,81,82:-0.049479128695
55,64,78,80:46,64,81,82:-0.0427603932835
80,82:46,82,84:-0.0864776821959
64,78,81:78,81:0.0569549050077
64,81,82:78,80,82:0.0311758569212
19,81,82:14,20,81,82:0.115614104572
19,82:46,82,84:-0.0634842030646
55,64,78,82:64,82:0.0796034105405
46,48,64,81,82,84:46,82:0.0274249562193
46,48,81,82,84:46,78,81,82:-0.016849374253
78,81:48,81,82:-0.016259391104
46,48,82:19,20,81,82:-0.0348443376304
46,81:46,48,81,82,84:0.0597108226322
46,84:46,48,81,82:0.0325711543519
48,82,84:19,82:-0.0625056670963
14,15,19,20,23,24,25,64,81,82:64,80,81,82:-0.0158215196371
64,80,82:48,64,84:-0.0792781630559
20,81,82:46,81:0.0363109602385
33,36,37,38,40,41,42,84:78,82:-0.164038952467
55,64,78,80:46,48,82,84:-0.173504113021
78,80,81,82:48,64,84:-0.0996873071382
64,78,81:46,48,81,82,84:-0.100936612503
6,7,8,9,10,11,84:78,80,81,82:-0.274410382547
19,82:46,78,81,82:-0.00350222360061
55,64,78,82:46,48,81:-0.131328012572
78,81:78,80,82:0.037393936742
46,84:46,48,64,84:0.0397169702106
48,82,84:46,82,84:0.0304724600904
64,80,82:80,82:0.0928267666435
33,36,37,38,40,41,42,84:48,82:-0.115526008658
55,64,78,80:46,81,82:-0.10915255428
46,81,82:48,81:0.0724826803619
64,78,82:23,82:-0.0214021279583
46,48,81,84:78,82:-0.13488773001
64,78,81:46,78,80:1.33102945755e-05
6,7,8,9,10,11,84:64,82:-0.298752958423
19,82:48,64,84:-0.10985280357
55,64,78,82:15,20,81,82:-0.076402179707
64,81:46,48,81:-0.0337353733125
48,81,82,84:48,81,82:0.0403421894768
78,81:46,48,64,82,84:-0.0892455832565
46,48,82:55,64,78,82:-0.0908219177639
46,84:46,48,64,81,82,84:0.00184877846338
48,82,84:55,64,78,80,82:-0.131533620804
64,80,82:46,82,84:-0.106369295065
15,20,81,82:80,82:-0.0257127757769
33,36,37,38,40,41,42,84:48,64,82,84:-0.0702628986901
46,64,81,82:78,80,82:-0.0159857865836
55,64,78,80:48,84:-0.243156803891
46,81,82:19,81,82:0.0459206097811
46,48,81,84:46,78,81,82:-0.0327387312152
64,78,81:78,80,81,82:0.0457115019092
6,7,8,9,10,11,84:64,78,80,81,82:-0.27608202245
55,64,78,82:64,81:0.0188442683278
78,82:23,82:-0.00470011528195
48,81:14,20,81,82:0.0166523025947
64,81:46,48,64,81,84:-0.0453770395265
48,81,82,84:46,81:0.0368996592477
78,81:46,48,81:-0.0675774270304
48,82,84:64,78,81,82:-0.0962090441459
64,78,81,82:48,64,81,82,84:-0.0381858864081
64,80,81,82:48,81:-0.034536454562
15,20,81,82:46,82,84:-0.0788744510803
33,36,37,38,40,41,42,84:48,84:0.0230348297794
46,48,81,82:64,78,80,82:-0.0835011068061
46,64,81,82:46,78,80:-0.0212797098783
55,64,78,80:33,36,37,38,40,41,42,84:-0.10648667268
46,81,82:46,82:0.0795282745156
46,48,81,84:48,64,82,84:-0.006809832106
46,48,84:78,80,82:-0.191808017804
6,7,8,9,10,11,84:48,64,81,82,84:-0.190573433179
46,78,80:78,80,81,82:0.0103777540534
78,82:80,82:0.0607542437058
48,81:64,78,80,81,82:-0.0623647597459
48,81,82,84:46,48,64,82,84:0.00339529904289
46,48,82:23,82:-0.0169557468616
48,82,84:14,20,81,82:-0.0821651027632
64,80,81,82:20,24,81,82:-0.00390515405696
15,20,81,82:46,78,81,82:-0.00925794300178
33,36,37,38,40,41,42,84:46,81,82:-0.128149873018
55,64,78,80:19,82:-0.0702583152763
46,81,82:64,78,82:-0.0449160888724
20,24,81,82:48,64,84:-0.130395785084
46,48,81,84:15,20,81,82:-0.06243756634
46,48,84:46,48,64,82,84:0.0357419263286
6,7,8,9,10,11,84:46,48,64,84:-0.138002613932
46,48,82,84:81,82:-0.0143941200991
19,82:46,48,82,84:-0.0653207304492
46,78,80:46,48,64,81,84:-0.0772830474688
48,81:55,64,78,80,82:-0.123910330006
48,81,82:46,48,81,82,84:0.0449097539333
55,56,59,63,64,65,66,78,82:48,64,81,82,84:-0.074546038977
64,81:48,82:-0.03040145801
48,81,82,84:78,80,82:-0.103540096667
46,48,82:64,78,82:-0.0818387614163
55,64,78,80,82:64,82:0.0759203906668
64,78,81,82:64,82:0.0604888171078
33,36,37,38,40,41,42,84:46,48,82,84:-0.0485732281765
46,48,81,82:14,20,81,82:-0.000166281443937
46,81,82:23,82:0.0294403053884
20,24,81,82:80,82:-0.0220832083083
64,78,81:20,81,82:-0.0166424652623
46,48,84:46,64,81,82:-0.0354831122267
6,7,8,9,10,11,84:46,48,81,82:-0.241786834803
46,48,82,84:20,81,82:-0.0593623935954
46,82,84:46,48,64,81,84:0.00479370628956
19,82:82,84:-0.058343344343
48,84:46,48,64,82,84:0.0243263470615
48,81:78,82:-0.0751799634642
48,81,82:46,78,80:-0.0496610559802
55,56,59,63,64,65,66,78,82:48,64,82,84:-0.0563852570177
48,81,82,84:64,82:-0.0580553050637
46,48,82:64,80,81:-0.0780033774515
78,80,82:46,78,81,82:-0.00935294147662
78,81,82:64,78,82:0.0472177884436
48,81,84:64,78,80,81,82:-0.121161728086
64,78,81,82:46,48,81:-0.0644780997466
64,80,81,82:19,82:0.00434913959205
33,36,37,38,40,41,42,84:64,80,81,82:-0.137976290997
46,48,81,82:64,81:-0.0193977597189
46,81,82:55,64,78,80,82:-0.0754834683899
20,24,81,82:46,81:0.0215636025518
46,48,84:78,81,82:-0.130849130762
48,64,81,82,84:80,82:-0.0422643615069
6,7,8,9,10,11,84:46,48,81,84:-0.136905284268
46,48,82,84:64,78,81,82:-0.0996120250424
48,84:46,48,81,82,84:0.052089178991
48,81:64,78,82:-0.0884755558426
48,81,82:46,82:0.0619881137028
55,56,59,63,64,65,66,78,82:46,78,81,82:-0.0340219889236
46,48,82:78,81:-0.0783873617688
64,78,80,82:48,64,82,84:-0.0658975860166
78,81,82:48,64,84:-0.0940519961172
48,81,84:14,20,81,82:-0.0590040457425
64,78,81,82:46,48,64,82,84:-0.065105907732
46,48,81,82:46,48,64,81,84:0.0286585121919
20,24,81,82:48,81,82:0.0334768810488
46,48,64,81,82,84:46,48,81,82:0.0313849566672
46,48,84:64,81,82:-0.100382003524
81,82:48,81:0.0607590290325
48,64,81,82,84:23,82:-0.0290533934625
6,7,8,9,10,11,84:46,48,84:-0.0897472912223
46,48,82,84:48,64,81,82,84:-0.00256303372109
48,84:78,81,82:-0.153468939308
14,15,19,20,23,24,25,64,81,82:46,78,80:-0.126722315261
55,56,59,63,64,65,66,78,82:78,80,81,82:-0.00682100237436
46,48,81:64,78,82:-0.109323752023
64,78,80,82:48,82:-0.0616783961068
48,81,84:78,82:-0.134749456143
64,80,81,82:46,48,64,81,84:-0.060355031671
46,48,81,82:46,82,84:0.0367198292492
20,24,81,82:82,84:-0.0723147458463
46,48,64,81,82,84:82,84:-0.0218332630732
46,48,84:20,24,81,82:-0.125535316846
6,7,8,9,10,11,84:55,64,78,82:-0.268297622466
46,48,82,84:46,48,81:0.0777661426494
46,48,64,84:46,78,81,82:-0.0505069469365
48,84:64,80,81:-0.175930548114
14,15,19,20,23,24,25,64,81,82:46,48,81,82,84:-0.0722977611124
55,56,59,63,64,65,66,78,82:48,81,84:-0.168526256065
19,20,81,82:64,80,82:-0.0449721456619
48,81,82,84:46,48,64,84:0.00288829422972
46,48,81:23,82:-0.0147783239996
64,78,80,82:78,80,81,82:0.0605651922498
48,64,82,84:55,64,78,80,82:-0.067212790378
78,81,82:46,64,81,82:0.0140895420937
48,81,84:55,64,78,80,82:-0.169222198129
64,80,81,82:78,80,81,82:0.0483958666679
48,64,84:78,80,82:-0.109406238398
20,24,81,82:64,80,82:-0.0479584989418
48,82:46,82,84:0.0386316166222
46,82:64,82:-0.0114846437937
46,48,84:81,82:-0.0491752528452
81,82:64,80,81:0.0141152284646
48,64,81,82,84:46,82:0.00432850152743
46,48,82,84:64,82:-0.0787593803748
46,48,64,84:46,82,84:0.0133578911251
48,81:82,84:-0.00529915019486
14,15,19,20,23,24,25,64,81,82:19,81,82:0.108913147368
55,56,59,63,64,65,66,78,82:64,80,81,82:-0.010644918344
19,20,81,82:82,84:-0.0711749479973
46,48,64,82,84:48,64,84:-0.00964735487402
48,81,82,84:20,81,82:-0.0127499844264
82,84:46,64,81,82:-0.0467509709376
64,78,80,82:46,48,64,81,84:-0.101792464755
48,64,82,84:78,82:-0.0612337870353
48,81,84:23,82:-0.0543069539614
64,80,81,82:14,20,81,82:-0.00803300203176
20,24,81,82:19,20,81,82:0.135515667737
64,78,80,81,82:78,80,81,82:0.052149994422
55,64,78,82:48,84:-0.202763809463
48,82:46,78,81,82:0.0122738178976
46,82:46,48,81:0.0873850887508
46,48,84:19,82:-0.112316014501
81,82:48,81,82:0.0704891120682
46,48,82,84:78,80,82:-0.132538243926
46,48,64,84:48,64,81,82,84:-0.0172422615863
46,84:55,64,78,80,82:-0.212706384218
14,15,19,20,23,24,25,64,81,82:46,82:-0.0510871603491
64,80,81:46,82,84:-0.113161110007
55,56,59,63,64,65,66,78,82:55,64,78,80:0.1137667853
19,20,81,82:78,81,82:0.0186578347044
82,84:19,81,82:-0.0559231731251
64,78,80,82:46,48,81,82,84:-0.119174217746
48,64,82,84:48,82:0.0229945545444
64,80,81,82:64,78,80,81,82:0.0531513715445
64,81,82:78,81:0.0404867240292
64,78,80,81,82:64,82:0.0606287159206
55,64,78,82:46,81,82:-0.0694003053714
48,82:48,64,84:0.00761896764399
46,48,64,81,82,84:46,48,82:0.0393620402661
46,82:15,20,81,82:-0.0164372687405
81,82:23,82:0.0757261821758
46,48,64,84:64,78,81,82:-0.0933971528415
48,84:20,81,82:-0.124773283739
46,84:46,48,81:0.0705974232223
48,82,84:46,48,64,84:0.0203356404607
14,15,19,20,23,24,25,64,81,82:46,48,81,82:-0.0332039973907
64,80,82:20,81,82:-0.0324046404905
64,80,81:55,64,78,80,82:0.050985940446
55,56,59,63,64,65,66,78,82:64,81,82:-0.0047801978348
19,20,81,82:46,64,81,82:0.00201080862273
46,48,64,82,84:46,82,84:0.00886879525431
82,84:78,80,82:-0.108761172453
55,64,78,80:46,82,84:-0.164112139611
23,82:46,78,81,82:0.00161515942967
64,81,82:64,80,81:0.0411445321459
55,64,78,82:19,82:-0.0342223021515
46,48,64,81,82,84:78,82:-0.0663717804957
81,82:46,48,64,82,84:-0.0175357489757
46,48,64,84:64,78,81:-0.111409448107
46,84:14,20,81,82:-0.150809697843
48,82,84:64,78,81:-0.125783976276
14,15,19,20,23,24,25,64,81,82:46,48,81,84:-0.0983300979972
55,56,59,63,64,65,66,78,82:20,24,81,82:-0.0834497711348
19,20,81,82:80,82:-0.0209434104593
20,81,82:46,48,81:0.00413640590162
82,84:64,78,82:-0.103128831132
55,64,78,80:46,78,81,82:-0.0421997634188
48,81,84:64,80,82:-0.130341864699
64,81,82:46,78,80:-0.00815540979215
19,81,82:78,80,82:-0.0327835004326
19,82:78,81,82:0.0199190087018
64,78,80,81,82:48,64,81,82,84:-0.0484455504836
46,48,64,81,82,84:55,64,78,80,82:-0.0868987745191
46,48,64,84:19,20,81,82:-0.112804413384
46,81:46,48,64,82,84:0.0139196462909
46,84:64,81:-0.143519205924
14,20,81,82:23,82:0.109471777537
14,15,19,20,23,24,25,64,81,82:64,78,80,82:-0.0775757210134
64,80,82:15,20,81,82:-0.0502357032382
64,80,81:14,20,81,82:-0.0298216434767
19,20,81,82:48,64,84:-0.124076427466
20,81,82:64,82:-0.00487486492978
55,64,78,80:64,78,81,82:0.0484988989791
78,80,81,82:64,78,82:0.0545450383364
48,81,84:48,81:0.0692961489055
80,82:48,64,84:-0.0841501430038
64,78,81:48,82:-0.0632627035415
64,81,82:46,48,81,82,84:-0.0360804527551
19,81,82:46,48,64,82,84:-0.0539324920285
19,82:46,82:0.000949600599763
46,48,64,81,82,84:48,64,82,84:-0.0139101822953
46,48,64,84:64,80,82:-0.0916738146878
78,81:48,64,81,82,84:-0.0519688008576
46,48,82:64,81,82:-0.0171513222236
46,81:78,80,82:-0.0994744225803
46,84:48,84:0.114930047149
14,20,81,82:64,78,82:-0.0618321446213
64,80,82:64,78,80,81,82:0.0701572862059
19,20,81,82:46,78,81,82:-0.00575371675614
20,81,82:64,81:0.0253875987609
33,36,37,38,40,41,42,84:46,48,81,82,84:-0.0676759918992
64,78,80,82:46,48,81,84:-0.157648858357
55,64,78,80:48,64,81,82,84:-0.0901953242065
78,80,81,82:23,82:0.00293690685866
64,78,81:64,78,81,82:0.0572336067833
64,81,82:46,48,64,81,84:-0.0378043631334
19,81,82:46,64,81,82:0.0181036864968
19,82:46,48,64,82,84:-0.0655318419021
55,64,78,82:48,64,84:-0.09374429076
46,48,64,81,82,84:48,82:0.0334895615211
78,81:48,64,82,84:-0.0797434027901
46,48,82:20,24,81,82:-0.0376506376485
46,81:64,82:-0.0509794797196
46,84:81,82:-0.073887605031
48,82,84:55,64,78,82:-0.12353851483
14,15,19,20,23,24,25,64,81,82:46,48,82:-0.0783240374188
64,80,82:64,82:0.080271004796
20,81,82:15,20,81,82:0.122660765306
33,36,37,38,40,41,42,84:80,82:-0.130799890269
55,64,78,80:19,20,81,82:-0.109315910032
78,80,81,82:55,64,78,80,82:0.0455192014939
64,78,81:55,64,78,80,82:0.0558508848218
6,7,8,9,10,11,84:46,48,64,82,84:-0.173349558103
19,82:23,82:0.110698177032
55,64,78,82:46,78,80:0.0147192361589
78,81:46,78,81,82:0.0086698625001
46,84:19,82:-0.133058865451
48,82,84:64,78,82:-0.116705742307
64,80,82:78,82:0.0634418867095
33,36,37,38,40,41,42,84:64,80,81:-0.123667415444
55,64,78,80:64,78,81:0.0651066267779
46,81,82:64,78,81:-0.0361677388967
64,78,82:46,48,64,81,84:-0.0930542739128
46,48,81,84:80,82:-0.110997987719
64,78,81:46,48,81:-0.0908948192558
6,7,8,9,10,11,84:78,80,82:-0.273087422261
55,64,78,82:46,64,81,82:-0.020976542367
64,81:46,78,80:-0.0118565751094
48,81,82,84:64,78,81,82:-0.0659619983876
78,81:78,80,81,82:0.0428278542746
46,84:48,82,84:0.0494508140131
48,82,84:23,82:-0.0564843768235
15,20,81,82:78,82:-0.0389869419629
33,36,37,38,40,41,42,84:48,81,82:-0.125046354702
46,48,81,82:20,81,82:0.020355017225
46,64,81,82:46,48,64,81,84:-0.0129051764852
55,64,78,80:82,84:-0.142978929474
46,81,82:64,78,80,81,82:-0.0298252923964
46,48,81,84:48,64,84:0.000618490309768
6,7,8,9,10,11,84:78,81,82:-0.292872708796
55,64,78,82:19,81,82:-0.0516836047645
78,82:46,78,81,82:0.0100011652465
48,81:46,82:0.0596240182869
64,81:46,48,81,82,84:-0.0560580133746
48,81,82,84:48,82:0.0487339907595
48,82,84:78,81:-0.118201457906
64,78,81,82:46,81:-0.0425209144222
64,80,81,82:64,78,81:0.0458641026942
15,20,81,82:55,64,78,80,82:-0.0817788919024
33,36,37,38,40,41,42,84:46,48,81,84:-0.0393692604598
46,48,81,82:64,81,82:0.00207388653534
46,64,81,82:78,80,81,82:7.47288533145e-05
55,64,78,80:46,48,84:-0.230897389222
46,81,82:15,20,81,82:0.0309341003496
46,48,81,84:48,81,82:0.0409381385051
46,48,84:46,78,81,82:-0.0583334576547
64,81,82:64,78,80,82:0.0364755632143
6,7,8,9,10,11,84:46,64,81,82:-0.267036267069
46,78,80:64,82:0.0135675250474
78,82:46,82,84:-0.105562642921
48,81:78,81,82:-0.0173866408054
64,81:19,81,82:0.0259205428158
48,81,82,84:46,82,84:0.0154885868047
46,48,82:46,48,64,81,84:0.038172935004
48,82,84:64,80,81:-0.113060669126
55,64,78,80,82:46,48,64,81,84:-0.109496745509
64,78,81,82:78,81:0.04939112942
64,80,81,82:19,20,81,82:-0.00262694489545
15,20,81,82:23,82:0.107254306339
33,36,37,38,40,41,42,84:64,80,82:-0.1359393724
46,64,81,82:14,20,81,82:-0.00339524851358
55,64,78,80:48,81,82,84:-0.151848177685
46,81,82:78,80,81,82:-0.0170599605884
20,24,81,82:64,82:-0.0200984036293
46,48,81,84:46,81:0.0694102675798
46,48,84:78,80,81,82:-0.15506653862
6,7,8,9,10,11,84:20,24,81,82:-0.244879160773
46,48,82,84:64,80,82:-0.110202018764
19,82:19,20,81,82:0.119591976928
46,78,80:78,80,82:0.0310374318949
48,81:46,48,81,82,84:0.0654272966581
48,81,82:55,64,78,80,82:-0.07390985986
55,56,59,63,64,65,66,78,82:64,80,81:-0.0176166091381
64,81:46,82:-0.0303621513942
48,81,82,84:46,48,64,81,84:0.00702235276606
46,48,82:46,82,84:0.0587807833498
55,64,78,80,82:46,48,81,82,84:-0.129428469603
64,78,81,82:48,64,84:-0.087922547878
33,36,37,38,40,41,42,84:55,64,78,82:-0.131538186374
46,48,81,82:46,64,81,82:0.0314100664889
46,81,82:46,78,81,82:0.0328599879924
20,24,81,82:78,82:-0.0353573744942
64,78,81:46,48,81,84:-0.130877744878
46,48,84:15,20,81,82:-0.125142367963
6,7,8,9,10,11,84:64,81,82:-0.291961726751
46,48,82,84:46,48,81,84:0.0658834451758
46,82,84:23,82:-0.0574629127917
19,82:64,78,81:-0.0274281277719
48,84:78,80,81,82:-0.175270359296
48,81:80,82:-0.0606395410804
48,81,82:46,48,81:0.0799761937448
55,56,59,63,64,65,66,78,82:78,81:-0.00465754183218
46,48,82:48,82:0.100949495685
78,81,82:46,82,84:-0.0801961062982
48,81,84:19,81,82:-0.0359002893846
64,78,81,82:46,78,80:-0.000178287068468
33,36,37,38,40,41,42,84:46,48,82:-0.0968372239745
46,48,81,82:78,81,82:-0.0143330200577
20,24,81,82:48,64,81,82,84:-0.0406840403411
46,48,84:64,78,80,81,82:-0.164612331873
81,82:82,84:-0.0317771238255
48,64,81,82,84:78,82:-0.0525856262721
6,7,8,9,10,11,84:20,81,82:-0.264177053226
46,48,82,84:48,81,82:0.0360916902941
48,84:46,48,64,81,84:0.025316588828
48,81,82:14,20,81,82:0.0302125091642
55,56,59,63,64,65,66,78,82:23,82:-0.021807349835
46,48,82:64,78,81,82:-0.0567181218071
64,78,80,82:78,81:0.036953143196
78,81,82:46,78,81,82:0.021349259532
48,81,84:46,64,81,82:-0.02915899481
46,48,81,82:78,80,82:-0.077209420288
20,24,81,82:48,64,82,84:-0.0829187705757
46,48,64,81,82,84:81,82:0.00559831027673
46,48,84:64,78,81:-0.180611497516
81,82:64,78,81:0.0185757150158
48,64,81,82,84:55,64,78,80,82:-0.0711651626109
6,7,8,9,10,11,84:33,36,37,38,40,41,42,84:-0.0339837610642
46,48,82,84:64,80,81:-0.115669319825
48,84:64,78,80,81,82:-0.18280940591
14,15,19,20,23,24,25,64,81,82:78,82:-0.056514548192
55,56,59,63,64,65,66,78,82:64,78,82:0.0902408854864
46,48,81:48,64,84:-0.000411736870188
64,78,80,82:46,81:-0.105323817505
48,81,84:46,78,80:-0.117883585486
64,80,81,82:23,82:0.00970043814257
46,48,81,82:46,48,64,82,84:0.0249458186161
48,64,84:46,48,81,82,84:-0.00984661691351
20,24,81,82:20,81,82:0.127126404723
46,48,64,81,82,84:20,81,82:-0.0311123961433
46,48,84:46,48,64,84:0.0580545090658
6,7,8,9,10,11,84:48,81,84:-0.118453749682
46,48,82,84:80,82:-0.0896402320244
46,48,64,84:78,80,82:-0.121422358073
48,84:14,20,81,82:-0.151914115296
14,15,19,20,23,24,25,64,81,82:64,82:-0.0320709226975
55,56,59,63,64,65,66,78,82:55,64,78,82:0.123394093778
19,20,81,82:81,82:0.0900306108479
48,81,82,84:20,24,81,82:-0.0259277803741
46,48,81:46,78,81,82:0.00990383086019
64,78,80,82:64,78,82:0.0923981684831
48,64,82,84:46,48,81,82,84:-0.00641629556418
78,81,82:48,64,81,82,84:-0.0329940393145
48,81,84:48,64,84:4.12131954896e-05
64,80,81,82:46,48,64,82,84:-0.0562055473864
48,64,84:46,48,64,81,84:-0.0134120483843
20,24,81,82:46,81,82:0.0342131593512
48,82:46,48,64,82,84:0.0359719909413
46,82:48,64,84:-0.024678362077
46,48,84:46,48,64,81,82,84:0.0223112550954
81,82:48,64,81,82,84:0.00557230918635
48,64,81,82,84:48,82:0.0226111265195
46,48,82,84:46,48,81,82,84:0.0514681224393
46,48,64,84:64,78,82:-0.108044955634
46,84:46,78,81,82:-0.0764199775816
48,81:48,84:0.0548442211023
14,15,19,20,23,24,25,64,81,82:64,78,80,81,82:-0.041629352272
55,56,59,63,64,65,66,78,82:46,48,84:-0.16514420915
19,20,81,82:48,84:-0.139599833166
46,48,64,82,84:64,82:-0.0409662322076
48,81,82,84:64,81,82:-0.0308506744053
82,84:14,20,81,82:-0.0764919100569
64,78,80,82:78,80,82:0.0963971779022
48,64,82,84:80,82:-0.0472926517209
64,80,81,82:46,82:-0.0248769925189
64,78,80,81,82:46,48,64,82,84:-0.0745159127555
55,64,78,82:48,81:-0.118738628579
48,82:23,82:0.00613210380066
46,48,64,81,82,84:48,81,84:0.00776015780041
46,82:46,78,80:-0.0307028446472
46,48,84:48,81,82,84:0.0443623684473
81,82:64,78,81,82:0.0364191057967
46,48,64,84:46,81:0.0121712971531
46,84:48,64,84:0.00302974675112
14,15,19,20,23,24,25,64,81,82:15,20,81,82:0.130313463728
64,80,82:64,78,80,82:0.0966625307526
64,80,81:64,78,82:0.0539187381827
55,56,59,63,64,65,66,78,82:6,7,8,9,10,11,84:-0.196292486768
19,20,81,82:64,81:0.0156895206684
82,84:64,78,80,81,82:-0.101073492859
48,64,82,84:64,80,81:-0.0609947169675
64,80,81,82:78,81,82:0.0362887895422
64,81,82:48,64,82,84:-0.0326943820848
64,78,80,81,82:78,80,82:0.0688221167092
55,64,78,82:64,80,82:0.0752334130528
46,48,64,81,82,84:64,80,81,82:-0.0430546177934
46,48,84:46,84:0.126546244963
81,82:46,78,81,82:0.0453767508495
46,48,64,84:78,81:-0.118231929735
48,84:46,48,81,84:0.0848871341258
46,84:80,82:-0.161356434358
48,82,84:20,24,81,82:-0.077322000698
14,15,19,20,23,24,25,64,81,82:46,81,82:-6.06600153641e-06
64,80,82:46,48,81,84:-0.12997159092
64,80,81:23,82:-0.0112194317708
55,56,59,63,64,65,66,78,82:64,78,81:0.0377544452023
19,20,81,82:14,20,81,82:0.135132053632
82,84:46,48,64,81,84:-0.0237056322955
55,64,78,80:46,48,64,82,84:-0.107520072476
48,64,82,84:48,81,82:0.00137590939406
48,81,84:19,82:-0.0621984892767
64,81,82:48,64,81,82,84:-0.0142056031055
64,78,80,81,82:78,81,82:0.0397951836373
46,48,64,81,82,84:46,78,80:-0.0645280527502
81,82:46,82,84:-0.0192753106408
46,48,64,84:64,81,82:-0.0621928321198
46,81:48,82:0.0544795754746
46,84:46,64,81,82:-0.0546918558796
48,82,84:64,81,82:-0.0610507368111
14,15,19,20,23,24,25,64,81,82:20,81,82:0.109332479312
64,80,82:46,48,81,82:-0.0608025136949
55,56,59,63,64,65,66,78,82:46,48,64,84:-0.0932135520445
19,20,81,82:46,48,81:-0.0119256399264
20,81,82:80,82:-0.0092266702084
82,84:78,80,81,82:-0.0943415870124
55,64,78,80:23,82:-0.0593899274344
48,81,84:46,81,82:0.0154791024053
64,81,82:78,82:0.0411090846158
19,81,82:46,78,81,82:0.0123470003006
19,82:64,78,80,81,82:-0.01501963848
64,78,80,81,82:46,64,81,82:-0.00120678109931
46,48,64,81,82,84:48,64,84:-0.0197945479546
46,48,64,84:46,48,82,84:0.0337008150379
46,81:46,82,84:0.0348080418761
46,84:78,81,82:-0.151819516972
14,20,81,82:46,48,64,81,84:-0.07494842939
14,15,19,20,23,24,25,64,81,82:33,36,37,38,40,41,42,84:-0.0792497377596
64,80,82:46,82:-0.0428230864698
19,20,81,82:55,64,78,80,82:-0.0763222151673
20,81,82:46,48,81,82,84:-0.021582759161
33,36,37,38,40,41,42,84:78,80,82:-0.136258255938
55,64,78,80:48,81,82:-0.107586378737
48,81,84:48,84:0.0815984630213
80,82:64,82:0.0653033269633
64,78,81:46,81:-0.0636655668435
64,81,82:64,82:0.0566844580396
19,81,82:78,80,81,82:0.00470941692253
19,82:14,20,81,82:0.110013110176
55,64,78,82:23,82:-0.0268138008462
46,48,64,81,82,84:78,81:-0.0645163849017
78,81:64,80,81:0.0347126771355
46,48,82:20,81,82:-0.0160385698922
46,81:46,48,64,81,84:0.0309538136076
46,84:82,84:0.0100356275793
48,82,84:64,80,81,82:-0.0866665637834
14,20,81,82:46,82,84:-0.0814288244607
64,80,82:19,81,82:-0.0251079188377
20,81,82:78,81,82:0.032614678821
33,36,37,38,40,41,42,84:64,82:-0.16356062716
55,64,78,80:64,80,81:0.0605626533453
46,81,82:81,82:0.0723154001357
78,80,81,82:46,78,81,82:0.00399665591829
64,78,81:48,81,82:-0.0360672980162
19,81,82:15,20,81,82:0.113036308527
19,82:78,80,81,82:-0.00218047617161
55,64,78,82:55,64,78,80,82:0.103158592992
46,48,64,81,82,84:46,81:0.0292803518133
46,48,82:46,48,64,84:0.0430552195
46,84:64,80,82:-0.18116124092
48,82,84:48,81,84:0.0417257234975
14,20,81,82:48,82:-0.0180892829363
14,15,19,20,23,24,25,64,81,82:48,82,84:-0.10987967371
64,80,82:46,48,81,82,84:-0.0953343534073
20,81,82:46,82:0.00604849654775
33,36,37,38,40,41,42,84:46,48,81:-0.0845652670188
55,64,78,80:20,24,81,82:-0.115590254335
64,78,81:48,64,84:-0.0999943819018
6,7,8,9,10,11,84:46,82,84:-0.134069451818
19,82:46,48,64,81,84:-0.0653475352103
55,64,78,82:78,82:0.0845415726963
78,81:23,82:-0.00143398098892
46,84:48,81,82,84:0.0205212210592
48,82,84:78,80,81,82:-0.101850302067
64,80,82:46,78,80:0.0324157812782
33,36,37,38,40,41,42,84:48,64,81,82,84:-0.08502772831
55,64,78,80:48,81:-0.160717425896
46,81,82:64,81,82:0.0212480602143
64,78,82:78,80,82:0.0837572334575
46,48,81,84:46,48,81:0.0915878422245
64,78,81:80,82:0.0344680988108
6,7,8,9,10,11,84:46,48,64,81,84:-0.166077943827
55,64,78,82:14,20,81,82:-0.0801044093157
64,81:78,82:0.0254120947487
48,81,82,84:78,81:-0.0738686917115
78,81:64,78,82:0.0461449702693
48,82,84:46,78,81,82:-0.0453729272155
15,20,81,82:46,78,80:-0.10595151345
33,36,37,38,40,41,42,84:64,78,81,82:-0.154595822097
46,48,81,82:46,48,81,84:0.0614171818301
46,64,81,82:23,82:0.00837869071358
46,81,82:78,81,82:0.0105254260368
46,48,81,84:55,64,78,80,82:-0.168308357112
46,48,84:55,64,78,80,82:-0.195419592302
6,7,8,9,10,11,84:64,81:-0.280573922734
55,64,78,82:64,78,80,81,82:0.0546530200251
78,82:78,80,82:0.080768539627
48,81:15,20,81,82:0.0193666385056
64,81:64,82:0.0503175156821
48,81,82,84:64,80,81:-0.0809076598246
46,48,82:64,82:-0.0350488818455
48,82,84:48,64,82,84:0.00286571484568
64,78,81,82:48,82:-0.0301666988447
64,80,81,82:82,84:-0.0841133760271
15,20,81,82:48,64,84:-0.129991311813
33,36,37,38,40,41,42,84:20,81,82:-0.128692661672
46,64,81,82:46,48,64,82,84:-0.0135232929583
55,64,78,80:14,15,19,20,23,24,25,64,81,82:-0.109494251616
46,81,82:46,64,81,82:0.0409019636255
20,24,81,82:46,48,64,81,84:-0.0696120300299
46,48,81,84:64,78,81,82:-0.105432008497
46,48,84:23,82:-0.10168154218
64,81,82:46,48,81,84:-0.0603491244403
6,7,8,9,10,11,84:14,20,81,82:-0.251054138547
46,78,80:46,48,81,82,84:-0.0830112891508
78,82:64,78,82:0.0873724561788
48,81:64,81:-0.00843336804358
48,81,82:46,78,81,82:0.0228643612994
48,81,82,84:64,78,82:-0.0958021934872
46,48,82:78,80,82:-0.0891198510298
48,82,84:48,64,81,82,84:-0.00465121805579
55,64,78,80,82:78,80,82:0.0896838191726
64,78,81,82:48,64,82,84:-0.053927142732
64,80,81,82:46,48,82,84:-0.0883002819957
33,36,37,38,40,41,42,84:81,82:-0.162494982223
46,64,81,82:46,82:0.0372248078562
55,64,78,80:48,81,84:-0.202022808774
46,81,82:46,48,64,82,84:0.00783386230388
20,24,81,82:46,48,81,82,84:-0.0377677593981
46,48,81,84:48,82:0.0534240960803
46,48,84:64,78,82:-0.183500265366
6,7,8,9,10,11,84:19,20,81,82:-0.238739856416
46,48,82,84:46,81,82:0.030013982787
19,82:20,24,81,82:0.110097864865
48,81:64,82:-0.0458743435232
48,81,82:48,64,84:-0.0184308593566
55,56,59,63,64,65,66,78,82:14,20,81,82:-0.0892411568361
64,81:15,20,81,82:0.0131976401845
48,81,82,84:23,82:-0.0226152035004
46,48,82:46,48,64,82,84:0.0435056889152
