48,84:46,48,81,82,84:0.32620
33,36,37,38,40,41,42,84:46,48,82:0.00640
64,80,82:48,81,82:0.19710
19,20,81,82:6,8,9,84:-0.02520
19,82:78,80,81,82:0.26600
64,81,82:48,81:0.26770
14,15,19,20,23,24,25,64,81,82:46,64,81,82:0.22850
20,81,82:55,64,65,78,82:0.16990
6,7,9,84:48,81:0.01590
64,78,82:46,78,81,82:0.30230
48,81,84:46,48,81,82:0.31400
48,81:48,64,84:0.19430
46,48,81,82:46,78,80:0.18640
19,81,82:80,82:0.27080
55,56,59,63,64,65,66,78,82:48,84:-0.04090
8,9,10,84:46,81:-0.00130
6,8,9,84:46,48,64,81,84:0.08610
78,81:46,82,84:0.10520
46,48,82:64,78,80,81,82:0.15210
48,84:78,82:-0.00970
64,80,82:64,78,81,82:0.39420
19,82:48,64,82,84:0.17450
14,15,19,20,23,24,25,64,81,82:78,81,82:0.28130
46,81,82:48,81:0.42300
48,81,82:78,80,81,82:0.28970
6,7,9,84:64,81:-0.07100
48,81:6,8,9,84:0.01590
46,48,81:64,78,82:0.03260
19,81,82:64,80,81:0.23050
55,56,59,63,64,65,66,78,82:46,48,81,82,84:0.04780
8,9,10,84:19,81,82:-0.03360
55,64,65,78,82:48,84:-0.07350
78,81:23,82:0.23020
46,48,82:46,82:0.51130
64,80,81,82:55,64,78,80,82:0.35840
64,80,82:78,80,82:0.46750
19,82:46,48,81,84:0.08860
46,48,64,81,82,84:19,82:0.17860
14,15,19,20,23,24,25,64,81,82:46,48,81,82:0.19850
48,81,82:55,64,78,80,82:0.14270
20,81,82:46,84:-0.00710
6,7,9,84:48,82:0.00220
48,81,82,84:64,82:0.12260
48,81:78,81,82:0.29830
46,48,81:80,82:0.11380
55,56,59,63,64,65,66,78,82:64,78,82:0.42130
46,78,80:46,48,81,82,84:0.15820
55,64,65,78,82:48,81,82:0.14920
64,81:6,8,9,84:-0.07100
78,81:19,81,82:0.30230
46,48,82:46,78,80:0.23020
64,80,81,82:46,78,81,82:0.27790
64,80,82:46,48,64,82,84:0.15690
55,64,78,80,82:78,80,82:0.44300
19,82:64,78,81:0.18160
46,48,64,81,82,84:64,78,81:0.16270
46,64,81,82:23,82:0.29930
14,15,19,20,23,24,25,64,81,82:6,7,9,84:-0.02060
20,81,82:55,64,78,82:0.19470
6,7,9,84:78,82:-0.03200
48,81,82,84:46,48,64,81,84:0.23590
48,81:64,80,81:0.16660
46,48,81:55,64,78,80,82:0.01700
55,56,59,63,64,65,66,78,82:48,81,84:-0.01090
46,48,64,84:64,80,82:0.07710
55,64,78,82:46,48,64,84:0.09320
55,64,65,78,82:64,78,82:0.49600
64,81:78,80,82:0.26980
6,7,8,9,10,11,84:46,64,81,82:-0.02460
78,81:48,64,82,84:0.16220
46,48,82:78,80,82:0.19410
64,80,81,82:64,78,82:0.39740
19,82:64,80,82:0.26470
48,82:46,48,64,82,84:0.31480
46,64,81,82:46,48,81,82,84:0.22810
14,15,19,20,23,24,25,64,81,82:48,82,84:0.09570
46,81,82:64,80,81:0.19930
48,81,82:46,81:0.41240
6,7,9,84:46,48,81,82,84:0.09110
48,81,82,84:46,48,64,82,84:0.23020
46,84:23,82:-0.02550
46,48,81,82:64,78,81:0.15390
46,48,81:78,81:0.23790
55,56,59,63,64,65,66,78,82:46,48,81:0.01090
46,48,64,84:64,78,81:0.08260
46,82,84:64,82:0.08460
55,64,78,82:55,64,65,78,82:0.52040
64,78,80,82:48,64,82,84:0.20150
55,64,65,78,82:46,78,81,82:0.25030
64,81:46,78,80:0.15930
6,7,8,9,10,11,84:19,81,82:-0.01920
64,80,81,82:46,82:0.23700
64,78,81,82:64,78,82:0.46250
7,8,9,10,84:64,81,82:-0.05490
48,82:46,48,64,81,84:0.25030
46,48,64,81,82,84:7,8,9,10,84:0.05980
46,64,81,82:78,82:0.31980
46,81,82:46,48,81,84:0.30260
48,81,82,84:48,82:0.37820
46,84:48,64,84:0.21440
46,48,81:64,80,81:0.10680
46,48,82,84:46,48,84:0.41820
48,64,82,84:46,48,64,82,84:0.21070
55,56,59,63,64,65,66,78,82:48,81:0.02130
46,48,64,84:78,81,82:0.11020
64,78,80,82:78,81:0.31890
55,64,78,80:78,80,81,82:0.33250
64,81:48,81,82:0.27730
6,7,8,9,10,11,84:23,82:-0.01830
64,80,81,82:64,78,80,81,82:0.38810
46,48,84:19,81,82:0.04410
64,78,81,82:46,48,64,81,84:0.14110
7,8,9,10,84:46,48,64,84:0.10990
46,48,64,81,82,84:46,82,84:0.22890
14,15,19,20,23,24,25,64,81,82:33,36,37,38,40,41,42,84:-0.01030
46,81,82:55,64,78,80,82:0.14050
48,81,82,84:64,81:0.13700
46,84:78,82:-0.02550
48,82,84:46,81,82:0.24660
46,48,81:46,48,82,84:0.37480
48,64,82,84:46,78,81,82:0.19510
55,56,59,63,64,65,66,78,82:46,48,81,82:0.07860
46,48,64,84:46,64,81,82:0.14110
82,84:48,64,84:0.18140
64,78,80,82:64,82:0.49480
55,64,78,80:46,48,64,82,84:0.11860
6,7,8,9,10,11,84:80,82:-0.01830
46,48,82:55,64,78,82:0.12460
46,48,84:46,81:0.32660
78,81,82:46,48,81,82,84:0.22120
64,78,81,82:64,78,80,81,82:0.39750
7,8,9,10,84:46,48,82:0.01020
46,48,64,81,82,84:46,78,80:0.17570
46,81,82:48,64,84:0.09310
48,81,82,84:55,64,65,78,82:0.07800
46,84:48,81,82:0.12870
48,82,84:55,64,65,78,82:0.07460
48,64,81,82,84:78,80,82:0.19700
46,48,81:64,78,80,82:0.02120
46,48,82,84:46,81,82:0.29830
55,56,59,63,64,65,66,78,82:6,7,9,84:-0.01880
46,48,64,84:78,80,81,82:0.11230
82,84:78,82:0.24130
64,78,80,82:46,82,84:0.07360
55,64,78,80:46,48,64,81,84:0.08140
6,7,8,9,10,11,84:48,82,84:0.14790
46,48,82:64,80,82:0.14240
80,82:46,48,64,81,84:0.11760
46,48,84:80,82:0.01920
78,81,82:23,82:0.36440
48,81,84:46,48,81,84:0.38190
64,78,81,82:48,64,81,82,84:0.22760
46,48,64,81,82,84:78,80,82:0.17280
46,81:48,64,84:0.10030
46,84:64,78,81,82:-0.08850
48,64,81,82,84:6,8,9,84:0.06650
46,48,81:46,84:0.33510
46,48,82,84:48,82:0.39350
48,64,82,84:48,81,82:0.24750
46,48,64,84:64,82:0.05630
82,84:46,48,81,82,84:0.24730
33,36,37,38,40,41,42,84:46,48,64,81,84:0.07680
55,64,78,80:64,81:0.32090
6,7,8,9,10,11,84:55,64,78,80:-0.01510
46,48,64,82,84:46,82,84:0.24740
46,48,82:64,78,80,82:0.12530
80,82:64,82:0.47590
64,81,82:46,82:0.29020
46,48,84:55,64,78,80,82:-0.05500
78,81,82:48,64,84:0.10690
48,81,84:64,80,81:0.04790
7,8,9,10,84:46,78,81,82:-0.01330
46,48,64,81,82,84:48,84:0.21380
64,82:78,80,82:0.44730
46,48,81,84:48,64,81,82,84:0.21000
8,9,10,84:64,78,81:-0.04730
46,81:23,82:0.21340
46,84:64,81,82:-0.11800
48,82,84:8,9,10,84:0.17090
48,64,81,82,84:46,82,84:0.18870
46,48,81:55,64,78,82:0.02450
46,48,82,84:64,78,80,81,82:0.07290
82,84:64,78,81,82:0.12780
33,36,37,38,40,41,42,84:46,48,64,82,84:0.07400
55,64,78,80:48,82:0.06510
19,20,81,82:64,80,82:0.18700
6,7,8,9,10,11,84:46,48,81,82:0.00020
46,48,64,82,84:6,8,9,84:0.08060
80,82:78,80,81,82:0.40130
64,81,82:64,81:0.46800
20,81,82:78,82:0.30400
78,81,82:46,64,81,82:0.35050
48,81,84:78,80,81,82:0.11230
7,8,9,10,84:64,78,82:-0.04520
46,48,64,81,82,84:48,81,82:0.30250
8,9,10,84:64,80,82:-0.05650
46,84:19,20,81,82:-0.00540
48,82,84:46,78,80:0.13420
48,64,81,82,84:46,81:0.23120
46,48,81:46,48,64,81,82,84:0.30540
46,48,82,84:46,48,64,81,84:0.24930
82,84:48,64,81,82,84:0.20360
64,78,80,82:64,78,81:0.40490
33,36,37,38,40,41,42,84:78,80,81,82:-0.01260
55,64,78,80:48,81,82,84:0.00940
19,20,81,82:64,78,81:0.21990
6,7,8,9,10,11,84:48,81:0.00910
64,78,81:46,48,64,82,84:0.12250
64,81,82:46,78,81,82:0.33020
20,81,82:48,64,84:0.04480
48,81,84:6,8,9,84:0.16730
7,8,9,10,84:80,82:-0.02560
64,78,80,81,82:64,78,82:0.43660
46,48,81,84:46,48,81,82,84:0.34660
46,84:46,48,82:0.30820
48,82,84:46,82,84:0.31230
46,48,82,84:46,78,80:0.18400
33,36,37,38,40,41,42,84:64,80,81:-0.02370
64,80,81:55,64,78,80,82:0.35820
55,64,78,80:55,64,65,78,82:0.48670
19,20,81,82:55,64,65,78,82:0.13540
48,64,84:78,80,82:0.14110
6,7,8,9,10,11,84:19,20,81,82:-0.01440
64,78,81:78,80,81,82:0.35830
64,81,82:78,82:0.40070
20,81,82:23,82:0.49640
7,8,9,10,84:48,64,82,84:0.09030
78,82:64,82:0.51370
64,78,80,81,82:80,82:0.39600
55,64,78,82:64,78,81,82:0.41860
46,48,81,84:64,78,82:-0.03200
48,82,84:6,8,9,84:0.15810
46,82:46,78,80:0.25490
33,36,37,38,40,41,42,84:46,48,81,84:0.10910
64,80,82:48,81:0.05750
64,80,81:46,78,81,82:0.22670
19,20,81,82:48,84:0.00470
64,78,81:64,82:0.41610
14,15,19,20,23,24,25,64,81,82:55,64,78,80,82:0.13790
20,81,82:78,81,82:0.40380
7,8,9,10,84:78,81:-0.01460
78,82:46,48,64,81,84:0.12980
46,48,81,82:46,81:0.46000
64,78,80,81,82:55,64,78,80,82:0.39350
55,64,78,82:48,81,82:0.16870
8,9,10,84:64,82:-0.08470
48,82,84:19,81,82:0.17190
48,84:46,64,81,82:0.00230
64,80,81,82:48,81:0.19590
46,82:78,80,82:0.25490
33,36,37,38,40,41,42,84:46,48,84:0.15160
64,80,81:64,78,82:0.36360
55,64,78,80:8,9,10,84:-0.02630
19,20,81,82:48,64,81,82,84:0.21100
19,82:6,8,9,84:-0.03200
64,78,81:46,48,81,84:0.03600
14,15,19,20,23,24,25,64,81,82:80,82:0.20600
46,48,84:82,84:0.25420
20,81,82:46,64,81,82:0.34490
48,81,84:64,80,82:-0.03700
78,80,81,82:46,48,81,82,84:0.17170
78,82:46,48,64,82,84:0.21700
46,48,81,82:78,81,82:0.31010
19,81,82:23,82:0.45460
55,56,59,63,64,65,66,78,82:46,82:0.13590
55,64,78,82:78,82:0.49260
8,9,10,84:78,80,81,82:-0.02520
48,82,84:46,81:0.20970
46,48,81,82,84:46,78,81,82:0.26780
48,84:19,81,82:0.00620
64,80,81,82:19,20,81,82:0.26850
33,36,37,38,40,41,42,84:64,80,82:-0.02820
64,80,82:48,82:0.22860
64,80,81:46,82:0.12360
55,64,78,80:7,8,9,10,84:-0.02110
19,20,81,82:46,78,80:0.05800
19,82:46,82,84:0.17620
64,78,81:48,64,82,84:0.15630
14,15,19,20,23,24,25,64,81,82:64,78,82:0.18920
20,81,82:6,7,9,84:-0.03360
6,7,9,84:64,81,82:-0.06870
48,81,84:48,81,82,84:0.33420
48,81:80,82:0.13220
46,48,81,82:6,8,9,84:0.00040
19,81,82:48,64,84:0.04480
55,56,59,63,64,65,66,78,82:64,80,81:0.22130
64,78,80,81,82:64,80,81:0.38400
55,64,78,82:46,78,81,82:0.26830
8,9,10,84:46,48,64,82,84:0.08830
78,81:78,80,81,82:0.36250
48,84:23,82:-0.00970
64,80,81,82:8,9,10,84:-0.05150
33,36,37,38,40,41,42,84:55,64,78,82:-0.02120
64,80,82:48,64,82,84:0.20360
19,20,81,82:46,48,64,81,84:0.14080
19,82:46,78,80:0.08830
64,81,82:64,78,80,82:0.36340
14,15,19,20,23,24,25,64,81,82:48,82:0.18480
48,81,82:46,82,84:0.26000
20,81,82:46,48,81,82:0.35110
6,7,9,84:64,78,80,82:-0.04240
64,78,82:55,64,78,80,82:0.48370
48,81,84:55,64,65,78,82:-0.01960
48,81:64,78,82:0.06390
46,48,81,82:78,80,81,82:0.23980
19,81,82:78,82:0.28840
55,56,59,63,64,65,66,78,82:78,81:0.27350
8,9,10,84:46,82:-0.01500
78,81:46,48,64,82,84:0.15030
46,48,82:19,81,82:0.25660
48,84:80,82:-0.00970
64,80,82:46,48,81,84:-0.03520
19,82:48,64,81,82,84:0.19890
14,15,19,20,23,24,25,64,81,82:64,78,80,81,82:0.20790
46,81,82:64,78,81:0.21100
48,81,82:46,78,80:0.13750
6,7,9,84:78,81,82:-0.03360
64,78,82:48,64,84:0.12200
48,81:46,78,81,82:0.31720
46,48,81:48,64,84:0.17780
19,81,82:48,81,82:0.39370
55,56,59,63,64,65,66,78,82:55,64,78,80,82:0.40740
46,78,80:78,80,81,82:0.28620
8,9,10,84:64,81:-0.07100
55,64,65,78,82:78,81:0.32410
78,81:46,48,64,81,84:0.19310
46,48,82:46,64,81,82:0.30020
64,80,81,82:46,48,81,82,84:0.13190
64,80,82:64,82:0.52980
19,82:48,84:-0.00970
46,48,64,81,82,84:48,81,82,84:0.25120
14,15,19,20,23,24,25,64,81,82:48,81:0.21460
48,81,82:78,80,82:0.21150
20,81,82:48,82,84:0.18230
6,7,9,84:46,81:-0.00130
48,81,82,84:78,80,82:0.13730
48,81:64,78,80,81,82:0.15670
46,48,81:23,82:0.17850
55,56,59,63,64,65,66,78,82:80,82:0.20640
55,64,78,82:19,20,81,82:0.15600
46,78,80:64,82:0.21990
55,64,65,78,82:48,64,82,84:0.19520
64,81:46,48,64,81,84:0.15240
6,7,8,9,10,11,84:64,80,81:-0.02700
78,81:64,81:0.41230
46,48,82:46,82,84:0.35790
64,80,81,82:78,82:0.36600
64,80,82:78,80,81,82:0.38410
19,82:55,64,65,78,82:0.20140
46,48,64,81,82,84:55,64,65,78,82:0.14190
46,64,81,82:46,78,81,82:0.33260
14,15,19,20,23,24,25,64,81,82:46,48,64,84:0.02060
46,81,82:46,64,81,82:0.37860
20,81,82:48,81,84:0.20520
6,7,9,84:48,64,84:0.13900
48,81,82,84:46,78,80:0.11450
48,81:46,82:0.32890
46,48,81:46,48,81,82,84:0.39500
55,56,59,63,64,65,66,78,82:55,64,78,82:0.47640
46,48,64,84:46,48,84:0.33020
55,64,78,82:6,7,9,84:-0.04240
64,78,80,82:46,81:0.03900
55,64,65,78,82:80,82:0.30350
64,81:46,48,64,82,84:0.10580
6,7,8,9,10,11,84:46,82:-0.00860
78,81:48,82:0.19850
46,48,82:64,82:0.18800
64,80,81,82:48,64,84:0.09850
19,82:46,81,82:0.31780
64,78,81,82:78,82:0.45320
48,82:78,80,81,82:0.27070
46,64,81,82:64,78,82:0.30670
14,15,19,20,23,24,25,64,81,82:8,9,10,84:-0.02060
46,81,82:48,64,81,82,84:0.25990
6,7,9,84:55,64,78,80,82:-0.03390
48,81,82,84:46,82,84:0.26840
46,84:46,48,64,81,84:0.24820
46,48,81,82:82,84:0.21610
46,48,81:48,84:0.33790
48,64,82,84:46,78,80:0.16650
55,56,59,63,64,65,66,78,82:46,84:-0.04260
46,48,64,84:82,84:0.17230
46,82,84:46,48,64,81,84:0.21480
55,64,78,82:46,48,81,82:0.12100
64,78,80,82:48,81,82:0.16620
55,64,65,78,82:23,82:0.21200
64,81:78,80,81,82:0.33870
6,7,8,9,10,11,84:64,78,80,81,82:-0.02350
64,80,81,82:46,81:0.18990
78,80,82:46,78,81,82:0.28590
64,78,81,82:48,64,84:0.10540
7,8,9,10,84:46,48,84:0.17460
48,82:6,8,9,84:0.00220
46,48,64,81,82,84:48,81,84:0.23830
46,64,81,82:80,82:0.29610
46,81,82:64,78,81,82:0.28360
48,81,82,84:46,64,81,82:0.21530
46,84:64,78,82:-0.12790
46,48,81:48,64,81,82,84:0.25000
46,48,82,84:64,81,82:0.09020
48,64,82,84:46,82,84:0.20170
55,56,59,63,64,65,66,78,82:64,78,80,82:0.34870
46,48,64,84:64,81:0.05410
64,78,80,82:48,84:-0.09190
55,64,78,80:46,78,80:0.35250
64,81:64,80,81:0.43640
6,7,8,9,10,11,84:46,78,81,82:-0.00950
64,80,81,82:78,81,82:0.36090
46,48,84:64,78,80,81,82:-0.03620
64,78,81,82:23,82:0.30770
7,8,9,10,84:6,7,9,84:0.53360
46,48,64,81,82,84:46,48,64,82,84:0.21760
46,81,82:46,48,81,82,84:0.34240
48,81,82,84:19,81,82:0.26170
46,84:48,82:0.17830
48,82,84:64,80,82:0.07710
46,48,81:46,48,64,84:0.27900
48,64,82,84:6,8,9,84:0.09220
55,56,59,63,64,65,66,78,82:46,48,82,84:0.04750
46,48,64,84:46,82:0.22810
82,84:64,78,82:0.13640
64,78,80,82:78,80,82:0.48320
55,64,78,80:78,80,82:0.43910
6,7,8,9,10,11,84:64,78,82:-0.03230
46,48,82:19,82:0.25520
46,48,84:48,82:0.32180
78,81,82:55,64,78,80,82:0.32440
48,81,84:19,81,82:0.18120
64,78,81,82:78,81,82:0.42220
46,48,64,81,82,84:46,48,64,81,84:0.21700
46,81,82:78,82:0.28750
48,81,82,84:64,78,81:0.10970
46,84:48,64,82,84:0.14800
48,82,84:64,78,81:0.02510
48,64,81,82,84:64,82:0.22560
46,48,81:48,81:0.53210
46,48,82,84:48,81,82:0.31500
55,56,59,63,64,65,66,78,82:46,48,64,84:0.09810
46,48,64,84:46,48,64,82,84:0.22060
82,84:46,78,81,82:0.18240
64,78,80,82:46,78,80:0.33820
55,64,78,80:6,8,9,84:-0.02630
6,7,8,9,10,11,84:46,48,64,81,82,84:0.06370
46,48,82:46,81,82:0.42740
80,82:6,8,9,84:-0.03200
64,81,82:48,64,81,82,84:0.25160
46,48,84:64,78,82:-0.09160
78,81,82:80,82:0.34270
48,81,84:48,84:0.43720
64,78,81,82:46,64,81,82:0.33300
46,48,64,81,82,84:64,82:0.18050
48,81,82,84:19,82:0.21430
46,48,81,84:46,82:0.29370
46,81:78,82:0.12590
46,84:46,48,81,84:0.39340
48,64,81,82,84:78,80,81,82:0.22370
46,48,82,84:46,81:0.30800
48,64,82,84:46,81:0.13830
46,48,64,84:78,80,82:0.11860
82,84:55,64,78,80,82:0.11180
33,36,37,38,40,41,42,84:23,82:-0.01600
55,64,78,80:78,81,82:0.27450
46,48,82:82,84:0.25420
80,82:46,82,84:0.17530
64,81,82:46,64,81,82:0.37910
46,48,84:46,48,81,82,84:0.35340
78,81,82:64,78,82:0.41300
48,81,84:48,81,82:0.32040
7,8,9,10,84:6,8,9,84:0.53260
46,48,64,81,82,84:78,81:0.20850
64,82:6,8,9,84:-0.08470
46,48,81,84:64,80,81:0.03280
8,9,10,84:48,81:0.01590
46,81:46,78,81,82:0.36440
46,84:46,48,81,82:0.23860
48,64,81,82,84:46,48,64,82,84:0.19750
46,48,81:48,81,84:0.38400
46,48,82,84:19,81,82:0.15890
82,84:46,48,81,84:0.21610
33,36,37,38,40,41,42,84:46,82,84:0.12950
55,64,65,78,82:64,81,82:0.33870
55,64,78,80:46,81:-0.02400
6,7,8,9,10,11,84:64,81,82:-0.03920
46,48,64,82,84:46,48,64,81,84:0.20540
80,82:46,78,80:0.31650
64,81,82:78,81,82:0.42730
20,81,82:80,82:0.28640
78,81,82:48,82:0.33530
48,81,84:46,78,80:0.09380
7,8,9,10,84:48,64,84:0.13740
46,48,64,81,82,84:48,64,82,84:0.19720
46,48,81,84:78,81:0.16010
8,9,10,84:46,81,82:-0.02220
46,84:6,7,9,84:0.24400
48,82,84:78,80,81,82:0.14690
48,64,81,82,84:46,82:0.23810
46,48,82,84:6,8,9,84:0.12710
82,84:64,80,81:0.03520
64,78,80,82:82,84:0.12160
33,36,37,38,40,41,42,84:46,64,81,82:-0.02150
55,64,78,80:64,80,82:0.44480
19,20,81,82:82,84:0.17000
6,7,8,9,10,11,84:46,48,64,84:0.10990
64,78,81:46,82,84:0.02680
64,81,82:23,82:0.37330
20,81,82:55,64,78,80,82:0.16340
48,81,84:78,80,82:0.03020
7,8,9,10,84:46,81:-0.00100
46,48,64,81,84:46,78,81,82:0.21560
64,78,80,81,82:48,64,84:0.11600
55,64,78,82:64,78,80,81,82:0.39390
46,48,81,84:55,64,78,80,82:-0.02120
8,9,10,84:48,81,84:0.18010
46,84:7,8,9,10,84:0.23450
48,82,84:64,82:0.08990
46,48,82,84:46,82,84:0.34180
33,36,37,38,40,41,42,84:48,64,81,82,84:0.06700
64,80,81:46,48,81,82,84:0.07820
55,64,78,80:46,48,84:-0.07840
19,20,81,82:64,81:0.30230
48,64,84:64,82:0.08990
6,7,8,9,10,11,84:46,48,82,84:0.11580
64,78,81:6,8,9,84:-0.04730
64,81,82:48,64,84:0.07850
20,81,82:46,78,81,82:0.33280
7,8,9,10,84:48,81,82:-0.00860
78,82:78,80,82:0.49440
46,48,81,82:48,64,82,84:0.22240
64,78,80,81,82:23,82:0.26150
55,64,78,82:78,81:0.34250
46,48,81,84:80,82:0.05330
48,82,84:46,48,64,81,84:0.22300
48,84:64,80,81:-0.10350
46,82:46,82,84:0.36470
33,36,37,38,40,41,42,84:64,78,81,82:-0.02580
64,80,82:64,78,80,82:0.49640
64,80,81:78,82:0.28440
19,20,81,82:46,48,81,84:0.15310
64,78,81:78,80,82:0.35660
14,15,19,20,23,24,25,64,81,82:78,80,82:0.16330
20,81,82:64,81:0.36260
78,80,81,82:48,64,84:0.11970
7,8,9,10,84:48,84:0.24830
78,82:46,78,80:0.31650
46,48,81,82:48,82:0.46300
64,78,80,81,82:46,48,81,82,84:0.11440
55,64,78,82:64,80,81:0.32810
8,9,10,84:46,48,81,82,84:0.10200
48,82,84:64,78,80,81,82:0.08940
48,84:46,82:0.15980
64,80,81,82:64,78,81:0.36600
46,82:64,82:0.29630
33,36,37,38,40,41,42,84:55,64,65,78,82:-0.01690
64,80,81:48,64,84:0.10500
55,64,78,80:64,80,81,82:0.33680
19,20,81,82:48,64,82,84:0.13540
19,82:46,78,81,82:0.26600
64,78,81:64,78,81,82:0.42870
14,15,19,20,23,24,25,64,81,82:78,82:0.21550
46,48,84:64,78,80,82:-0.06870
20,81,82:46,82:0.32720
48,81,84:46,81,82:0.25240
78,80,81,82:55,64,78,80,82:0.35230
78,82:46,82,84:0.18650
46,48,81,82:64,81:0.20320
19,81,82:46,48,64,81,84:0.15710
55,56,59,63,64,65,66,78,82:46,64,81,82:0.20120
55,64,78,82:80,82:0.35270
8,9,10,84:46,78,80:0.01140
48,82,84:48,82:0.40870
46,48,81,82,84:23,82:0.20810
48,84:64,78,80,81,82:-0.06590
64,80,81,82:46,48,82,84:0.07730
33,36,37,38,40,41,42,84:48,81,82,84:0.09690
64,80,82:46,81:0.05220
64,80,81:46,81:0.16910
19,20,81,82:78,80,81,82:0.25940
19,82:46,48,64,82,84:0.15500
64,78,81:48,81,82:0.20940
14,15,19,20,23,24,25,64,81,82:48,81,82:0.26080
20,81,82:19,20,81,82:0.51520
6,7,9,84:46,48,81,82:0.00040
48,81,84:82,84:0.23980
48,81:78,82:0.14180
46,48,81,82:46,48,64,81,84:0.27580
19,81,82:64,78,82:0.23290
55,56,59,63,64,65,66,78,82:78,81,82:0.27630
64,78,80,81,82:48,64,81,82,84:0.20570
55,64,78,82:55,64,78,80,82:0.47920
8,9,10,84:48,64,81,82,84:0.07410
78,81:46,78,80:0.25590
46,48,82:46,48,81,84:0.36560
48,84:46,78,81,82:0.08940
64,80,81,82:7,8,9,10,84:-0.04120
33,36,37,38,40,41,42,84:48,81,84:0.13980
64,80,82:19,81,82:0.22120
19,20,81,82:64,82:0.26610
19,82:46,82:0.32840
14,15,19,20,23,24,25,64,81,82:46,81:0.21220
48,81,82:46,48,64,82,84:0.25810
20,81,82:64,81,82:0.41990
6,7,9,84:78,81:-0.01830
64,78,82:46,48,81,82,84:0.07420
48,81,84:46,48,84:0.38960
48,81:46,48,81,82,84:0.38870
46,48,81,82:46,48,64,82,84:0.27300
19,81,82:48,82:0.32500
55,56,59,63,64,65,66,78,82:64,78,81,82:0.32820
8,9,10,84:46,64,81,82:-0.04300
55,64,65,78,82:78,81,82:0.33970
78,81:78,80,82:0.31690
46,48,82:64,81:0.08910
48,84:64,78,82:-0.12260
64,80,82:48,84:-0.12260
19,82:64,80,81:0.17040
64,78,81:82,84:0.04640
14,15,19,20,23,24,25,64,81,82:19,81,82:0.43690
46,81,82:82,84:0.20630
48,81,82:46,48,64,81,84:0.25840
6,7,9,84:64,78,80,81,82:-0.04120
48,81:23,82:0.22930
46,48,81:46,48,64,82,84:0.27130
19,81,82:48,64,82,84:0.15940
55,56,59,63,64,65,66,78,82:78,80,82:0.30370
46,78,80:46,48,64,82,84:0.19980
8,9,10,84:78,81,82:-0.03360
55,64,65,78,82:64,78,81,82:0.39410
78,81:6,8,9,84:-0.01830
46,48,82:48,82:0.52190
64,80,81,82:64,82:0.45250
64,80,82:46,48,81,82,84:0.06710
19,82:78,81:0.20360
46,48,64,81,82,84:6,7,9,84:0.05840
14,15,19,20,23,24,25,64,81,82:64,78,80,82:0.15660
48,81,82:64,82:0.27650
20,81,82:46,48,64,81,82,84:0.23200
6,7,9,84:46,82:-0.01500
48,81,82,84:55,64,78,80,82:0.07310
48,81:19,81,82:0.33890
46,48,81:46,78,81,82:0.32480
55,56,59,63,64,65,66,78,82:78,82:0.39000
55,64,78,82:46,48,82,84:0.05110
46,78,80:78,80,82:0.36320
55,64,65,78,82:48,64,81,82,84:0.17380
64,81:23,82:0.24360
6,7,8,9,10,11,84:48,64,81,82,84:0.07250
78,81:78,81,82:0.42840
46,48,82:46,48,64,82,84:0.31580
64,80,81,82:80,82:0.42110
64,80,82:46,78,80:0.29880
55,64,78,80,82:46,48,81,82,84:0.05490
19,82:46,48,84:0.01920
46,48,64,81,82,84:46,48,84:0.24220
46,64,81,82:6,8,9,84:-0.04300
14,15,19,20,23,24,25,64,81,82:46,48,82,84:0.07470
46,81,82:46,82:0.47740
6,7,9,84:64,78,82:-0.05650
48,81,82,84:78,80,81,82:0.19210
48,81:46,64,81,82:0.29430
46,48,81:64,81:0.16680
55,56,59,63,64,65,66,78,82:46,48,64,81,82,84:0.12050
46,48,64,84:55,64,65,78,82:0.09800
55,64,78,82:64,78,80,82:0.46480
64,78,80,82:48,82:0.19910
55,64,65,78,82:78,82:0.46550
64,81:46,82,84:0.00320
6,7,8,9,10,11,84:64,78,81,82:-0.02940
78,81:46,81:0.30130
46,48,82:46,48,64,81,84:0.27620
64,80,81,82:48,64,82,84:0.18510
64,78,81,82:80,82:0.35070
7,8,9,10,84:64,78,81:-0.03790
48,82:46,78,80:0.17860
46,64,81,82:48,64,84:0.09510
14,15,19,20,23,24,25,64,81,82:64,80,81,82:0.24040
46,81,82:64,78,80,81,82:0.23460
6,7,9,84:46,78,81,82:-0.01670
48,81,82,84:64,80,81:0.10090
46,84:6,8,9,84:0.25200
46,48,81:46,48,81,84:0.43360
48,64,82,84:78,80,81,82:0.19770
55,56,59,63,64,65,66,78,82:33,36,37,38,40,41,42,84:-0.00940
46,48,64,84:48,84:0.31600
46,82,84:6,8,9,84:0.14670
55,64,78,82:64,81,82:0.36650
64,78,80,82:64,81:0.33870
55,64,65,78,82:46,48,81,82,84:0.05880
64,81:46,64,81,82:0.34620
6,7,8,9,10,11,84:78,81,82:-0.01920
64,80,81,82:48,82:0.24300
46,48,84:64,78,81,82:-0.04520
78,80,82:23,82:0.27350
64,78,81,82:55,64,78,80,82:0.38290
7,8,9,10,84:55,64,65,78,82:-0.02710
48,82:78,80,82:0.26550
46,48,64,81,82,84:55,64,78,82:0.14890
46,64,81,82:46,81:0.34550
46,81,82:78,81:0.29610
48,81,82,84:46,82:0.29370
46,84:46,82,84:0.36170
46,48,81:48,64,82,84:0.19350
46,48,82,84:46,48,81,82:0.35080
48,64,82,84:64,82:0.22680
55,56,59,63,64,65,66,78,82:82,84:0.10320
46,48,64,84:19,81,82:0.06360
64,78,80,82:46,48,81,84:-0.02640
55,64,78,80:80,82:0.35270
64,81:48,64,81,82,84:0.21870
6,7,8,9,10,11,84:6,8,9,84:0.55430
64,80,81,82:64,81:0.40540
46,48,84:78,81,82:0.04410
64,78,81,82:46,78,81,82:0.32390
7,8,9,10,84:48,81,82,84:0.10400
46,48,64,81,82,84:48,64,84:0.16620
46,81,82:64,82:0.27120
48,81,82,84:64,78,80,81,82:0.13720
46,84:46,81:0.29890
48,82,84:19,20,81,82:0.15000
46,48,81:6,7,9,84:0.02190
48,64,82,84:46,48,64,81,84:0.17480
55,56,59,63,64,65,66,78,82:19,20,81,82:0.09420
46,48,64,84:46,81:0.22590
82,84:46,82,84:0.29630
64,78,80,82:55,64,78,80,82:0.47180
55,64,78,80:64,82:0.41400
6,7,8,9,10,11,84:48,64,84:0.14010
46,48,82:48,81,82,84:0.33860
46,48,84:46,64,81,82:0.09460
78,81,82:78,80,82:0.36410
48,81,84:64,81:0.07840
64,78,81,82:64,81:0.42070
46,48,64,81,82,84:6,8,9,84:0.06110
46,81,82:80,82:0.26990
48,81,82,84:82,84:0.27280
46,84:19,81,82:-0.00710
48,82,84:82,84:0.32980
48,64,81,82,84:46,48,81,82,84:0.23140
46,48,81:46,48,81,82:0.47180
46,48,82,84:48,64,82,84:0.22730
46,48,64,84:46,82,84:0.23440
82,84:23,82:0.25240
64,78,80,82:78,80,81,82:0.38750
55,64,78,80:78,81:0.31230
6,7,8,9,10,11,84:55,64,78,82:-0.02420
46,48,82:55,64,65,78,82:0.11380
80,82:46,78,81,82:0.27630
64,81,82:64,80,81:0.37750
46,48,84:48,64,84:0.25390
78,81,82:78,82:0.46540
48,81,84:48,82:0.30130
64,78,81,82:46,82:0.24540
46,48,64,81,82,84:78,81,82:0.23570
48,81,82,84:46,81,82:0.31470
46,48,81,84:46,64,81,82:0.17390
8,9,10,84:64,81,82:-0.06870
46,81:80,82:0.11630
46,84:48,84:0.48790
48,64,81,82,84:46,78,80:0.14420
46,48,81:14,15,19,20,23,24,25,64,81,82:0.14700
46,48,82,84:46,48,81,84:0.35320
48,64,82,84:48,82:0.30650
46,48,64,84:6,8,9,84:0.11680
82,84:19,81,82:0.18450
33,36,37,38,40,41,42,84:46,78,81,82:-0.00830
55,64,65,78,82:48,81:0.03830
55,64,78,80:64,78,80,81,82:0.39180
6,7,8,9,10,11,84:55,56,59,63,64,65,66,78,82:-0.01080
46,48,82:64,78,81:0.08400
80,82:46,48,64,82,84:0.20190
64,81,82:78,81:0.37010
46,48,84:23,82:0.01920
78,81,82:48,81,82:0.37350
48,81,84:48,64,82,84:0.19410
7,8,9,10,84:46,48,64,81,84:0.08200
46,48,64,81,82,84:64,78,81,82:0.19450
64,82:46,48,64,81,84:0.08920
46,48,81,84:78,81,82:0.14560
8,9,10,84:64,78,80,82:-0.04240
46,81:55,64,78,80,82:0.03120
46,84:55,64,65,78,82:-0.07670
48,82,84:46,48,64,81,82,84:0.23920
46,48,81:7,8,9,10,84:0.01750
46,48,82,84:64,81:-0.00420
82,84:48,84:0.30870
33,36,37,38,40,41,42,84:64,78,82:-0.02820
55,64,65,78,82:46,48,81,82:0.10740
55,64,78,80:46,82:0.06900
19,20,81,82:46,48,82,84:0.13500
6,7,8,9,10,11,84:46,48,84:0.16660
46,48,64,82,84:64,82:0.17250
64,81,82:64,78,80,81,82:0.38680
20,81,82:46,78,80:0.07730
78,81,82:46,81:0.28490
48,81,84:80,82:0.04540
7,8,9,10,84:46,48,64,82,84:0.07770
46,48,64,81,82,84:48,64,81,82,84:0.21520
46,48,81,84:64,78,81,82:0.05610
8,9,10,84:46,48,82,84:0.13670
46,84:46,48,64,84:0.30280
48,82,84:78,82:0.19710
48,64,81,82,84:46,64,81,82:0.22840
46,48,82,84:46,78,81,82:0.23760
82,84:48,81,82:0.23980
33,36,37,38,40,41,42,84:46,82:-0.00750
55,64,78,80:46,81,82:0.05030
19,20,81,82:64,78,80,82:0.15400
6,7,8,9,10,11,84:6,7,9,84:0.55210
64,78,81:64,78,82:0.45050
64,81,82:46,48,64,81,84:0.15100
20,81,82:46,48,81,82,84:0.25400
78,81,82:19,81,82:0.36930
48,81,84:64,82:-0.04900
7,8,9,10,84:48,82:0.00170
46,48,64,81,84:23,82:0.10900
64,78,80,81,82:46,48,64,82,84:0.15430
55,64,78,82:78,81,82:0.36520
46,48,81,84:78,80,82:0.03550
8,9,10,84:55,64,78,82:-0.04240
46,84:8,9,10,84:0.27120
48,82,84:78,80,82:0.14850
46,48,82,84:46,48,64,82,84:0.27340
46,82:48,82:0.47840
33,36,37,38,40,41,42,84:64,78,80,81,82:-0.02060
64,80,81:64,82:0.39090
55,64,78,80:82,84:0.04680
19,20,81,82:19,81,82:0.48930
48,64,84:46,48,81,82,84:0.17920
64,78,81:46,48,64,81,84:0.13880
64,81,82:64,78,82:0.41890
20,81,82:48,84:0.00620
7,8,9,10,84:64,81:-0.05680
78,82:55,64,78,80,82:0.44650
46,48,81,82:48,81,82:0.45690
64,78,80,81,82:46,78,81,82:0.28340
55,64,78,82:46,64,81,82:0.26930
46,48,81,84:78,82:0.05810
48,82,84:64,78,81,82:0.09890
48,84:48,64,81,82,84:0.18880
64,80,81,82:46,48,84:-0.04520
46,82:46,48,64,82,84:0.29790
33,36,37,38,40,41,42,84:78,81:-0.00920
64,80,82:64,81,82:0.39790
64,80,81:80,82:0.36920
19,20,81,82:46,81:0.30160
64,78,81:64,78,80,81,82:0.39660
14,15,19,20,23,24,25,64,81,82:64,82:0.24480
46,48,84:46,48,81,82:0.32420
20,81,82:19,81,82:0.49660
78,80,81,82:64,78,82:0.39290
7,8,9,10,84:46,48,81,84:0.12360
78,82:78,80,81,82:0.41450
46,48,81,82:48,84:0.24860
64,78,80,81,82:64,81:0.38010
55,64,78,82:48,64,81,82,84:0.18320
8,9,10,84:55,64,78,80,82:-0.03390
48,82,84:78,81,82:0.17880
48,84:64,78,81,82:-0.08240
64,80,81,82:82,84:0.11940
46,82:46,48,64,81,84:0.23810
33,36,37,38,40,41,42,84:46,48,81,82:0.00020
55,64,78,80:46,48,64,81,82,84:0.10100
19,20,81,82:48,81,82:0.35460
19,82:23,82:0.50700
64,78,81:78,81:0.44140
14,15,19,20,23,24,25,64,81,82:78,80,81,82:0.22570
46,48,84:48,81:0.34950
20,81,82:46,81:0.36160
48,81,84:46,48,82,84:0.31820
78,80,81,82:46,78,81,82:0.31160
46,48,81,82:19,81,82:0.32530
19,81,82:6,8,9,84:-0.03360
55,56,59,63,64,65,66,78,82:48,82:0.13770
55,64,78,82:46,78,80:0.28250
8,9,10,84:80,82:-0.03200
48,82,84:46,64,81,82:0.14980
48,84:78,81,82:0.00620
64,80,81,82:46,81,82:0.27480
33,36,37,38,40,41,42,84:19,82:-0.01600
64,80,82:46,82:0.22330
64,80,81:48,82:0.12110
19,20,81,82:78,82:0.24800
19,82:48,64,84:0.03940
64,78,81:64,80,81:0.39390
14,15,19,20,23,24,25,64,81,82:48,64,82,84:0.10590
20,81,82:46,48,82,84:0.16670
6,7,9,84:55,64,65,78,82:-0.03390
48,81,84:64,78,81:0.05220
48,81:78,80,81,82:0.21880
46,48,81,82:23,82:0.29210
19,81,82:46,82,84:0.16300
55,56,59,63,64,65,66,78,82:64,78,80,81,82:0.28880
64,78,80,81,82:48,64,82,84:0.18700
55,64,78,82:46,48,81,82,84:0.06290
8,9,10,84:64,80,81:-0.04730
78,81:80,82:0.22550
46,48,82:48,84:0.31880
48,84:6,8,9,84:0.26920
64,80,81,82:46,48,82:0.17170
33,36,37,38,40,41,42,84:48,82,84:0.13520
64,80,82:64,81:0.35870
19,20,81,82:78,80,82:0.17490
19,82:46,64,81,82:0.27270
14,15,19,20,23,24,25,64,81,82:46,48,81,84:0.08960
48,81,82:48,64,84:0.15570
20,81,82:64,78,80,82:0.19210
6,7,9,84:64,78,81,82:-0.05150
64,78,82:64,82:0.55490
48,81:55,64,78,80,82:0.03440
46,48,81,82:46,82,84:0.30260
19,81,82:46,81:0.32550
55,56,59,63,64,65,66,78,82:46,48,64,81,84:0.08820
8,9,10,84:78,81:-0.01830
55,64,65,78,82:64,78,80,81,82:0.36250
78,81:64,82:0.30540
46,48,82:48,81,82:0.43440
48,84:48,64,84:0.30840
33,36,37,38,40,41,42,84:46,84:0.21030
64,80,82:46,78,81,82:0.24090
19,82:78,81,82:0.32900
46,48,64,81,82,84:46,48,82,84:0.25420
14,15,19,20,23,24,25,64,81,82:64,81:0.27470
46,81,82:46,48,84:0.23060
48,81,82:6,8,9,84:-0.01080
20,81,82:55,64,78,80:0.07060
6,7,9,84:48,64,81,82,84:0.06320
48,81:46,48,81,84:0.41490
46,48,81:46,82,84:0.30360
55,56,59,63,64,65,66,78,82:64,82:0.38280
55,64,78,82:48,81,84:-0.02450
46,78,80:46,82,84:0.18510
8,9,10,84:64,78,80,81,82:-0.04120
55,64,65,78,82:46,82:0.17650
46,48,82:46,81:0.41240
64,80,81,82:78,80,82:0.37650
64,80,82:55,64,78,80,82:0.45110
19,82:64,78,81,82:0.28110
46,48,64,81,82,84:46,48,64,84:0.19940
14,15,19,20,23,24,25,64,81,82:82,84:0.13530
46,81,82:64,80,82:0.19360
20,81,82:64,80,81,82:0.32450
6,7,9,84:46,64,81,82:-0.04300
48,81,82,84:46,48,81,82,84:0.31800
48,81:64,81:0.25960
46,48,81:6,8,9,84:0.02190
55,56,59,63,64,65,66,78,82:78,80,81,82:0.24000
46,48,64,84:6,7,9,84:0.11270
55,64,78,82:46,81,82:0.16610
46,78,80:6,8,9,84:0.01140
55,64,65,78,82:64,80,81:0.29370
64,81:46,78,81,82:0.27960
6,7,8,9,10,11,84:48,64,82,84:0.09590
78,81:64,78,80,81,82:0.35500
46,48,82:48,64,84:0.18540
64,80,81,82:46,78,80:0.23790
64,80,82:80,82:0.50970
55,64,78,80,82:23,82:0.20620
19,82:64,81,82:0.33790
46,48,64,81,82,84:64,81,82:0.21610
46,64,81,82:46,48,64,81,84:0.19530
14,15,19,20,23,24,25,64,81,82:19,20,81,82:0.49690
46,81,82:46,81:0.48600
6,7,9,84:46,82,84:0.14130
48,81,82,84:78,82:0.19150
48,81:48,82:0.44760
46,48,81:19,81,82:0.26590
55,56,59,63,64,65,66,78,82:48,82,84:0.06670
46,48,64,84:46,48,81,82:0.23360
55,64,78,82:48,81:0.04790
64,78,80,82:46,64,81,82:0.26690
55,64,65,78,82:78,80,81,82:0.31380
64,81:64,78,82:0.37900
6,7,8,9,10,11,84:78,81:-0.01050
78,81:46,82:0.19440
46,48,82:6,8,9,84:0.01280
64,80,81,82:48,81,82:0.27890
64,78,81,82:46,78,80:0.23790
7,8,9,10,84:82,84:0.19530
48,82:80,82:0.34290
46,64,81,82:46,48,64,82,84:0.20180
14,15,19,20,23,24,25,64,81,82:46,48,82:0.12710
46,81,82:78,81,82:0.36460
48,81,82:48,64,81,82,84:0.30280
6,7,9,84:23,82:-0.03200
48,81,82,84:48,64,81,82,84:0.24960
46,84:78,80,82:-0.01700
46,48,81:46,81:0.52930
48,64,82,84:78,82:0.25200
46,48,64,84:46,48,81,84:0.27100
46,82,84:46,78,81,82:0.23490
64,78,80,82:19,81,82:0.18430
55,64,65,78,82:55,64,78,80,82:0.46360
64,81:46,82:0.14680
6,7,8,9,10,11,84:64,82:-0.04840
64,80,81,82:48,84:-0.08240
46,48,84:78,81:0.04700
78,80,82:46,48,64,81,84:0.11560
64,78,81,82:46,48,81,82,84:0.13720
7,8,9,10,84:46,81,82:-0.01780
48,82:64,82:0.30430
46,64,81,82:48,82:0.31070
46,81,82:6,8,9,84:-0.02220
48,81,82,84:64,78,81,82:0.16430
46,84:46,48,64,82,84:0.23210
48,82,84:46,48,64,84:0.24320
46,48,81:48,81,82:0.43500
46,48,82,84:48,81:0.33310
48,64,82,84:78,80,82:0.22040
55,56,59,63,64,65,66,78,82:64,78,81:0.34370
46,48,64,84:48,64,82,84:0.18610
64,78,80,82:23,82:0.23950
55,64,78,80:78,82:0.40540
6,7,8,9,10,11,84:46,48,64,81,84:0.08370
64,80,81,82:19,81,82:0.29870
46,48,84:64,80,81:-0.07320
7,8,9,10,84:19,82:-0.02560
46,48,64,81,82,84:64,78,82:0.16360
46,81,82:78,80,82:0.20440
48,81,82,84:78,81,82:0.24650
46,84:46,82:0.25850
48,82,84:46,48,82,84:0.35850
46,48,81:48,81,82,84:0.34810
55,56,59,63,64,65,66,78,82:64,80,82:0.29890
46,48,64,84:48,82:0.24130
82,84:46,48,64,82,84:0.21220
64,78,80,82:46,48,81,82,84:0.06140
55,64,78,80:46,48,81,82,84:-0.00460
6,7,8,9,10,11,84:46,48,64,82,84:0.08060
46,48,82:6,7,9,84:0.01280
46,48,84:46,82:0.29890
78,81,82:64,82:0.41610
48,81,84:78,81,82:0.15410
64,78,81,82:19,81,82:0.30750
46,48,64,81,82,84:46,78,81,82:0.25160
46,81,82:46,78,80:0.18840
48,81,82,84:64,78,80,82:0.08230
46,84:64,81:-0.15140
48,82,84:64,78,80,82:0.07630
48,64,81,82,84:55,64,78,80,82:0.17010
46,48,81:64,81,82:0.19140
46,48,82,84:48,64,81,82,84:0.21340
46,48,64,84:64,78,82:0.08410
82,84:46,48,64,81,84:0.15820
64,78,80,82:78,82:0.47500
55,64,78,80:64,78,81,82:0.36320
6,7,8,9,10,11,84:48,81,84:0.15310
46,48,82:46,48,84:0.40100
80,82:23,82:0.35500
64,81,82:48,81,82:0.35910
46,48,84:46,48,64,82,84:0.27190
78,81,82:78,80,81,82:0.38550
48,81,84:46,81:0.32660
64,78,81,82:46,81:0.19470
46,48,64,81,82,84:64,78,80,81,82:0.17530
48,81,82,84:64,80,82:0.09130
46,48,81,84:48,82:0.31290
8,9,10,84:46,48,81,82:0.00040
46,81:46,78,80:0.19430
46,84:82,84:0.25850
48,64,81,82,84:80,82:0.21760
46,48,82,84:48,84:0.39830
48,64,82,84:46,64,81,82:0.18250
46,48,64,84:46,48,64,81,84:0.21980
82,84:64,81:0.01430
33,36,37,38,40,41,42,84:55,64,78,80,82:-0.01690
55,64,65,78,82:64,78,80,82:0.43100
55,64,78,80:48,64,81,82,84:0.13330
6,7,8,9,10,11,84:33,36,37,38,40,41,42,84:0.09500
80,82:48,64,84:0.11850
64,81,82:64,78,81,82:0.43430
46,48,84:46,78,81,82:0.17290
78,81,82:48,64,82,84:0.21110
48,81,84:48,64,84:0.22420
7,8,9,10,84:64,82:-0.06780
46,48,64,81,82,84:46,82:0.29460
64,82:23,82:0.38510
46,48,81,84:64,78,80,81,82:0.04290
8,9,10,84:6,7,9,84:0.52190
46,81:46,48,81,82,84:0.36700
46,84:46,48,84:0.51460
48,82,84:55,64,78,82:0.07550
46,48,81:46,48,82:0.47040
46,48,82,84:46,48,81,82,84:0.33830
82,84:48,82:0.30870
33,36,37,38,40,41,42,84:48,64,84:0.12840
55,64,78,80:46,64,81,82:0.19500
6,7,8,9,10,11,84:55,64,65,78,82:-0.01940
46,48,64,82,84:78,80,82:0.18660
64,81,82:78,80,82:0.33270
20,81,82:78,80,81,82:0.31240
48,81,84:78,82:0.05180
7,8,9,10,84:46,82,84:0.13930
46,48,64,81,82,84:64,80,81:0.15220
46,48,81,84:46,48,64,81,84:0.28090
8,9,10,84:19,20,81,82:-0.02520
46,84:19,82:-0.02550
48,82,84:80,82:0.18590
46,48,82,84:23,82:0.17260
82,84:48,64,82,84:0.22900
64,78,80,82:48,81:0.04300
33,36,37,38,40,41,42,84:46,81:-0.00060
55,64,78,80:46,48,82,84:-0.00900
19,20,81,82:48,81:0.31160
48,64,84:46,78,81,82:0.11640
6,7,8,9,10,11,84:48,81,82,84:0.10570
64,78,81:48,64,84:0.11430
64,81,82:6,8,9,84:-0.06870
20,81,82:64,82:0.32830
78,81,82:64,81:0.37900
48,81,84:46,48,81,82,84:0.32630
7,8,9,10,84:46,64,81,82:-0.03440
64,78,80,81,82:46,82,84:0.08620
55,64,78,82:64,81:0.34460
46,48,81,84:64,82:-0.04790
8,9,10,84:46,48,82:0.01280
46,84:64,80,81,82:-0.08850
48,82,84:55,64,78,80,82:0.07070
46,48,82,84:48,64,84:0.21010
46,82:46,81:0.42760
33,36,37,38,40,41,42,84:78,81,82:-0.01680
64,80,81:78,80,82:0.34910
55,64,78,80:64,78,81:0.41790
19,20,81,82:64,78,80,81,82:0.22590
48,64,84:55,64,78,80,82:0.13700
64,78,81:23,82:0.19930
64,81,82:46,82,84:0.10190
20,81,82:46,48,81,84:0.18390
7,8,9,10,84:19,81,82:-0.02690
78,82:46,48,81,82,84:0.16860
46,48,81,82:64,80,81:0.14510
64,78,80,81,82:6,8,9,84:-0.04120
55,64,78,82:46,82:0.19400
46,48,81,84:78,80,81,82:0.10670
48,82,84:78,81:0.10790
48,84:48,64,82,84:0.22650
64,80,81,82:55,64,65,78,82:0.31300
46,82:48,64,84:0.11180
33,36,37,38,40,41,42,84:64,78,80,82:-0.02120
64,80,82:46,48,81,82:0.14040
64,80,81:46,78,80:0.25830
55,64,78,80:46,84:-0.08310
19,20,81,82:48,82:0.27540
64,78,81:78,81,82:0.38830
14,15,19,20,23,24,25,64,81,82:46,48,64,81,84:0.09900
46,48,84:64,81,82:-0.06030
20,81,82:48,64,82,84:0.16720
78,80,81,82:46,82,84:0.14020
46,48,81,82:46,48,81,84:0.35430
64,78,80,81,82:19,81,82:0.25360
55,64,78,82:46,48,64,82,84:0.15660
8,9,10,84:46,78,81,82:-0.01670
48,82,84:64,80,81:0.01760
48,84:78,81:0.01900
64,80,81,82:48,81,82,84:0.15760
46,82:6,8,9,84:-0.01500
33,36,37,38,40,41,42,84:64,81,82:-0.03430
55,64,78,80:48,82,84:0.00830
19,20,81,82:64,78,82:0.19580
19,82:46,48,81,82,84:0.18680
64,78,81:46,64,81,82:0.29580
14,15,19,20,23,24,25,64,81,82:46,78,80:0.04950
20,81,82:48,82:0.34060
6,7,9,84:64,80,82:-0.05650
48,81,84:19,20,81,82:0.17420
78,80,81,82:23,82:0.29260
46,48,81,82:55,64,78,80,82:0.10250
19,81,82:78,80,82:0.20500
55,56,59,63,64,65,66,78,82:46,81:0.01950
64,78,80,81,82:46,81:0.15180
55,64,78,82:78,80,81,82:0.34760
8,9,10,84:78,82:-0.03200
48,82,84:46,82:0.29890
48,84:64,82:-0.18380
64,80,81,82:64,80,82:0.43420
33,36,37,38,40,41,42,84:46,48,64,84:0.10050
64,80,82:46,64,81,82:0.29100
19,20,81,82:80,82:0.23470
19,82:64,78,82:0.27600
64,78,81:48,64,81,82,84:0.19770
14,15,19,20,23,24,25,64,81,82:48,64,81,82,84:0.16730
20,81,82:46,81,82:0.41920
6,7,9,84:46,48,84:0.18540
64,78,82:6,8,9,84:-0.05650
48,81,84:48,81:0.42870
48,81:46,78,80:0.11800
46,48,81,82:46,78,81,82:0.35140
19,81,82:46,48,64,82,84:0.15150
55,56,59,63,64,65,66,78,82:19,81,82:0.11620
64,78,80,81,82:48,81,82:0.23780
55,64,78,82:64,82:0.49470
8,9,10,84:48,81,82:-0.01080
6,8,9,84:23,82:-0.03200
78,81:78,82:0.39270
46,48,82:78,81:0.16670
48,84:46,48,64,81,84:0.26040
64,80,81,82:55,64,78,82:0.34870
33,36,37,38,40,41,42,84:46,48,64,81,82,84:0.05860
64,80,82:78,81,82:0.33120
19,20,81,82:55,64,78,80,82:0.13050
19,82:48,82:0.34430
14,15,19,20,23,24,25,64,81,82:48,84:-0.03300
48,81,82:64,78,82:0.20880
20,81,82:48,81:0.37500
6,7,9,84:46,48,81,84:0.12990
64,78,82:78,80,82:0.47490
48,81:78,80,82:0.08800
46,48,81,82:64,78,82:0.14920
19,81,82:46,82:0.31160
55,56,59,63,64,65,66,78,82:6,8,9,84:-0.01880
8,9,10,84:64,78,81,82:-0.05150
55,64,65,78,82:19,81,82:0.16370
78,81:46,48,81,82,84:0.18530
46,48,82:48,64,82,84:0.25340
48,84:46,48,64,82,84:0.24900
64,80,82:23,82:0.28240
19,82:64,78,80,81,82:0.24030
46,48,64,81,82,84:19,20,81,82:0.19080
14,15,19,20,23,24,25,64,81,82:55,64,65,78,82:0.13970
46,81,82:55,64,65,78,82:0.14710
48,81,82:46,78,81,82:0.35530
20,81,82:46,48,81:0.29000
6,7,9,84:64,80,81:-0.04730
48,81:48,84:0.33740
46,48,81:46,78,80:0.18970
55,56,59,63,64,65,66,78,82:46,82,84:0.06550
46,78,80:64,78,82:0.29880
55,64,65,78,82:46,64,81,82:0.24960
46,48,82:80,82:0.25430
64,80,81,82:6,8,9,84:-0.05150
64,80,82:48,64,84:0.11270
19,82:48,81:0.20270
46,48,64,81,82,84:48,81:0.30860
14,15,19,20,23,24,25,64,81,82:64,78,81:0.20910
20,81,82:8,9,10,84:-0.03360
6,7,9,84:78,80,81,82:-0.02520
48,81,82,84:23,82:0.24080
48,81:48,81,82:0.50210
46,48,81:46,48,64,81,84:0.31840
55,56,59,63,64,65,66,78,82:46,78,80:0.20640
46,48,64,84:19,20,81,82:0.04770
55,64,78,82:64,80,82:0.42810
46,78,80:46,48,64,81,84:0.17560
55,64,65,78,82:46,82,84:0.07250
64,81:55,64,78,80,82:0.31920
6,7,8,9,10,11,84:48,81,82:-0.00620
78,81:48,64,81,82,84:0.22970
46,48,82:64,78,82:0.14990
64,80,81,82:78,80,81,82:0.37000
64,80,82:78,82:0.42970
55,64,78,80,82:46,78,81,82:0.23880
19,82:46,48,81,82:0.26560
48,82:48,64,84:0.20570
46,48,64,81,82,84:46,48,81,82:0.30160
46,64,81,82:64,82:0.36270
14,15,19,20,23,24,25,64,81,82:64,80,82:0.18290
46,81,82:48,82:0.41440
48,81,82:46,82:0.41160
6,7,9,84:46,48,64,82,84:0.07740
48,81,82,84:80,82:0.17830
48,81:46,81:0.49250
46,48,81,82:64,81,82:0.27900
46,48,81:64,78,80,81,82:0.11220
55,56,59,63,64,65,66,78,82:8,9,10,84:-0.01880
46,48,64,84:64,81,82:0.06860
46,82,84:46,48,81,82,84:0.30070
55,64,78,82:64,78,81:0.42130
64,78,80,82:46,82:0.19510
55,64,65,78,82:46,78,80:0.25940
64,81:48,64,84:0.07840
6,7,8,9,10,11,84:48,84:0.24020
78,81:46,64,81,82:0.30330
46,48,82:46,78,81,82:0.33900
64,80,81,82:64,80,81:0.40280
19,82:6,7,9,84:-0.03200
64,78,81,82:78,80,81,82:0.37660
7,8,9,10,84:64,78,80,82:-0.03390
48,82:78,82:0.35980
46,64,81,82:46,82,84:0.18400
14,15,19,20,23,24,25,64,81,82:7,8,9,10,84:-0.01650
46,81,82:64,81:0.27980
48,81,82:64,80,81:0.19760
6,7,9,84:46,48,64,81,84:0.08290
48,81,82,84:48,64,82,84:0.22280
46,84:64,82:-0.19180
46,48,81:48,82:0.41440
48,64,82,84:80,82:0.23310
46,48,64,84:64,78,81,82:0.08640
46,82,84:23,82:0.19390
64,78,80,82:64,78,80,81,82:0.42540
55,64,65,78,82:78,80,82:0.38900
64,81:46,81:0.26340
6,7,8,9,10,11,84:78,80,82:-0.01220
64,80,81,82:46,48,81,84:0.05370
46,48,84:48,84:0.53750
78,80,82:6,8,9,84:-0.02140
64,78,81,82:64,82:0.47140
7,8,9,10,84:64,80,82:-0.04520
48,82:46,48,81,82,84:0.37210
46,81,82:46,48,64,81,84:0.25030
48,81,82,84:78,81:0.20590
46,84:78,80,81,82:-0.00540
48,82,84:6,7,9,84:0.15270
46,48,81:46,81,82:0.43310
46,48,82,84:64,78,80,82:0.05160
48,64,82,84:55,64,78,80,82:0.19260
55,56,59,63,64,65,66,78,82:55,64,65,78,82:0.52430
46,48,64,84:48,81,82:0.19200
46,82,84:48,64,84:0.16920
64,78,80,82:46,78,81,82:0.25700
55,64,78,80:48,64,84:0.15160
6,7,8,9,10,11,84:46,78,80:0.00650
46,48,84:48,64,81,82,84:0.17880
7,8,9,10,84:55,64,78,82:-0.03390
46,48,64,81,82,84:80,82:0.19420
46,81,82:46,48,64,82,84:0.24680
48,81,82,84:46,48,81,82:0.34310
46,84:46,64,81,82:0.05360
48,82,84:46,48,81,82:0.30920
46,48,81:19,82:0.16080
55,56,59,63,64,65,66,78,82:46,81,82:0.10690
46,48,64,84:78,82:0.11860
82,84:78,80,81,82:0.16540
64,78,80,82:64,78,82:0.50900
55,64,78,80:55,64,78,80,82:0.49840
6,7,8,9,10,11,84:46,82,84:0.14140
46,48,82:46,48,64,84:0.28040
46,48,84:46,78,80:0.18640
78,81,82:46,48,64,81,84:0.17810
48,81,84:64,78,80,81,82:0.04950
64,78,81,82:48,64,82,84:0.19450
46,48,64,81,82,84:23,82:0.19630
46,81,82:78,80,81,82:0.28300
48,81,82,84:48,81:0.39250
46,81:46,48,64,82,84:0.23120
46,84:78,81,82:-0.00710
48,82,84:48,81:0.31960
48,64,81,82,84:46,78,81,82:0.23390
46,48,81:46,48,84:0.41950
46,48,82,84:64,80,81:0.01010
48,64,82,84:64,80,81:0.14370
46,48,64,84:48,64,84:0.21570
82,84:6,8,9,84:0.20300
64,78,80,82:80,82:0.45610
55,64,78,80:46,48,81,84:-0.05560
6,7,8,9,10,11,84:7,8,9,10,84:0.55480
46,48,64,82,84:64,78,82:0.16700
46,48,82:64,81,82:0.21180
80,82:46,48,81,82,84:0.15810
64,81,82:48,64,82,84:0.19430
46,48,84:46,82,84:0.35590
78,81,82:46,78,80:0.22940
48,81,84:46,82:0.19920
64,78,81,82:48,82:0.25140
46,48,64,81,82,84:19,81,82:0.21480
48,81,82,84:19,20,81,82:0.24080
46,48,81,84:46,81:0.39570
8,9,10,84:55,64,65,78,82:-0.03390
46,81:78,80,81,82:0.20880
46,84:64,78,81:-0.10090
48,64,81,82,84:78,82:0.23660
46,48,82,84:78,81:0.10670
48,64,82,84:46,82:0.22810
46,48,64,84:23,82:0.04880
82,84:78,81,82:0.19480
33,36,37,38,40,41,42,84:46,48,81,82,84:0.08090
55,64,65,78,82:82,84:0.11770
55,64,78,80:64,80,81:0.38280
6,7,8,9,10,11,84:46,84:0.23040
80,82:64,78,82:0.41580
64,81,82:46,48,81,84:0.07490
46,48,84:6,8,9,84:0.19080
78,81,82:48,64,81,82,84:0.25890
48,81,84:64,78,82:-0.03270
7,8,9,10,84:78,80,82:-0.01710
46,48,64,81,82,84:46,64,81,82:0.23680
64,82:46,78,81,82:0.30090
46,48,81,84:19,81,82:0.16590
8,9,10,84:46,48,64,84:0.12640
46,81:64,82:0.08800
46,84:64,80,82:-0.12790
48,82,84:48,81,84:0.32610
46,48,81:64,80,81,82:0.14030
46,48,82,84:55,64,78,80,82:0.04860
82,84:46,81:0.12350
33,36,37,38,40,41,42,84:78,82:-0.01600
55,64,78,80:6,7,9,84:-0.02630
6,7,8,9,10,11,84:64,78,81:-0.02700
46,48,64,82,84:55,64,78,80,82:0.15050
64,81,82:64,82:0.49850
20,81,82:46,48,64,82,84:0.15780
48,81,84:46,78,81,82:0.18920
7,8,9,10,84:46,78,80:0.00910
46,48,81,84:6,8,9,84:0.13400
46,84:48,81,82,84:0.23860
48,82,84:64,78,82:0.08450
46,48,82,84:80,82:0.15870
33,36,37,38,40,41,42,84:48,82:0.00110
55,64,78,80:19,20,81,82:0.05300
19,20,81,82:46,48,81,82:0.28850
48,64,84:23,82:0.03940
6,7,8,9,10,11,84:19,82:-0.01830
64,78,81:78,82:0.40070
64,81,82:78,80,81,82:0.36960
20,81,82:78,80,82:0.21550
48,81,84:55,64,78,80,82:-0.02220
7,8,9,10,84:46,82:-0.01200
64,78,80,81,82:46,78,80:0.28160
55,64,78,82:19,81,82:0.18680
46,48,81,84:46,82,84:0.30110
8,9,10,84:7,8,9,10,84:0.55430
46,84:46,48,64,81,82,84:0.19830
48,82,84:46,48,81,82,84:0.31520
46,48,82,84:64,78,82:0.05600
46,82:80,82:0.32710
33,36,37,38,40,41,42,84:64,81:-0.03550
64,80,81:6,8,9,84:-0.04730
55,64,78,80:48,81:-0.02800
19,20,81,82:78,81,82:0.33630
64,78,81:46,78,81,82:0.28810
64,81,82:46,48,64,82,84:0.16320
20,81,82:64,78,81,82:0.33330
7,8,9,10,84:64,78,80,81,82:-0.03300
78,82:23,82:0.37180
46,48,81,82:48,64,81,82,84:0.26680
64,78,80,81,82:46,48,64,81,84:0.13030
55,64,78,82:46,81:0.04390
46,48,81,84:46,78,80:0.15370
48,82,84:48,84:0.41810
48,84:48,81,82:0.21850
64,80,81,82:46,48,81,82:0.21640
46,82:64,78,82:0.23450
33,36,37,38,40,41,42,84:48,81:0.00790
64,80,82:55,64,65,78,82:0.38800
64,80,81:78,80,81,82:0.34950
55,64,78,80:33,36,37,38,40,41,42,84:-0.01320
19,20,81,82:46,64,81,82:0.28390
64,78,81:64,81:0.45670
14,15,19,20,23,24,25,64,81,82:6,8,9,84:-0.02060
20,81,82:48,81,82:0.42810
78,80,81,82:46,48,64,82,84:0.17610
78,82:80,82:0.43620
46,48,81,82:64,78,81,82:0.22300
55,64,78,82:46,82,84:0.07290
8,9,10,84:23,82:-0.03200
48,82,84:48,64,81,82,84:0.23160
64,80,81,82:19,82:0.27270
46,82:46,78,81,82:0.38570
33,36,37,38,40,41,42,84:19,20,81,82:-0.01260
55,64,78,80:48,81,84:-0.05380
19,20,81,82:48,64,84:0.03360
19,82:55,64,78,80,82:0.19550
64,78,81:46,82:0.13480
14,15,19,20,23,24,25,64,81,82:46,82,84:0.09410
20,81,82:48,81,82,84:0.28750
6,7,9,84:46,81,82:-0.02220
48,81,84:6,7,9,84:0.16190
78,80,81,82:46,48,64,81,84:0.15540
46,48,81,82:46,48,81,82,84:0.36960
19,81,82:64,82:0.31270
55,56,59,63,64,65,66,78,82:48,81,82:0.10810
64,78,80,81,82:48,82:0.21650
55,64,78,82:6,8,9,84:-0.04240
8,9,10,84:48,64,84:0.15710
46,48,81,82,84:78,80,82:0.12010
48,84:78,80,82:-0.00640
33,36,37,38,40,41,42,84:6,7,9,84:0.12640
64,80,82:48,64,81,82,84:0.18970
19,20,81,82:23,82:0.46760
19,82:80,82:0.32840
64,81,82:82,84:0.13350
14,15,19,20,23,24,25,64,81,82:64,80,81:0.20280
20,81,82:64,80,82:0.23160
6,7,9,84:82,84:0.19490
64,78,82:46,48,64,81,84:0.09660
48,81,84:64,78,80,82:-0.02780
48,81:46,82,84:0.24040
46,48,81,82:78,82:0.24280
19,81,82:78,80,81,82:0.28650
55,56,59,63,64,65,66,78,82:64,81:0.26640
55,64,78,82:78,80,82:0.42670
8,9,10,84:48,64,82,84:0.10180
6,8,9,84:46,78,81,82:-0.01670
78,81:48,64,84:0.12100
46,48,82:64,78,81,82:0.17730
48,84:46,78,80:0.11300
64,80,81,82:48,81,84:0.06190
33,36,37,38,40,41,42,84:64,80,81,82:-0.02580
64,80,82:64,78,80,81,82:0.42400
19,20,81,82:46,48,81,82,84:0.21060
19,82:46,81:0.18680
14,15,19,20,23,24,25,64,81,82:78,81:0.24530
48,81,82:80,82:0.28050
20,81,82:64,78,81:0.26630
6,7,9,84:48,84:0.26110
48,81:64,82:0.09600
46,48,81,82:48,64,84:0.15300
19,81,82:46,64,81,82:0.31910
55,56,59,63,64,65,66,78,82:46,78,81,82:0.20470
8,9,10,84:46,48,81,84:0.14360
55,64,65,78,82:64,81:0.32260
78,81:55,64,78,80,82:0.30700
46,48,82:48,64,81,82,84:0.25460
48,84:46,82,84:0.31880
64,80,82:46,48,64,81,84:0.08850
19,82:19,81,82:0.48540
46,48,64,81,82,84:64,80,82:0.15310
14,15,19,20,23,24,25,64,81,82:46,48,84:-0.01810
46,81,82:46,48,81,82:0.45020
48,81,82:23,82:0.36380
20,81,82:14,15,19,20,23,24,25,64,81,82:0.48090
6,7,9,84:48,81,82:-0.01080
48,81:78,81:0.30540
46,48,81:78,80,81,82:0.17590
55,56,59,63,64,65,66,78,82:46,48,64,82,84:0.13480
46,78,80:48,64,84:0.16310
55,64,65,78,82:48,82:0.17970
46,48,82:78,82:0.26550
64,80,81,82:46,48,64,81,84:0.13500
64,80,82:64,78,82:0.48090
19,82:64,78,80,82:0.22620
46,48,64,81,82,84:64,78,80,82:0.14730
14,15,19,20,23,24,25,64,81,82:19,82:0.44900
20,81,82:7,8,9,10,84:-0.02690
6,7,9,84:46,78,80:0.01140
48,81,82,84:46,78,81,82:0.24980
48,81:48,64,82,84:0.21670
46,48,81:64,82:0.04910
55,56,59,63,64,65,66,78,82:46,48,82:0.08850
46,48,64,84:46,48,82,84:0.27210
55,64,78,82:48,81,82,84:0.08420
46,78,80:23,82:0.08830
55,64,65,78,82:46,48,64,82,84:0.15260
64,81:46,48,81,82,84:0.10580
6,7,8,9,10,11,84:46,81:-0.00070
78,81:64,80,81:0.32990
46,48,82:46,48,81,82,84:0.38390
64,80,81,82:46,48,64,82,84:0.15390
55,64,78,80,82:6,8,9,84:-0.03390
19,82:46,48,82,84:0.15940
48,82:64,78,82:0.23980
46,64,81,82:78,80,82:0.26240
14,15,19,20,23,24,25,64,81,82:46,81,82:0.25920
46,81,82:48,64,82,84:0.19520
48,81,82:46,64,81,82:0.34440
6,7,9,84:78,80,82:-0.02140
48,81,82,84:64,78,82:0.10010
46,48,81,82:64,78,80,82:0.11910
46,48,81:78,81,82:0.23880
55,56,59,63,64,65,66,78,82:64,80,81,82:0.23640
46,48,64,84:64,78,80,82:0.09270
46,82,84:55,64,78,80,82:0.06860
55,64,78,82:82,84:0.12050
64,78,80,82:64,80,81:0.39240
55,64,65,78,82:46,48,64,81,84:0.09610
64,81:78,82:0.29570
6,7,8,9,10,11,84:46,48,81,84:0.11970
46,48,82:23,82:0.27290
64,80,81,82:48,64,81,82,84:0.21820
19,82:46,48,64,84:0.04880
64,78,81,82:46,48,64,82,84:0.16140
7,8,9,10,84:48,81:0.01270
48,82:46,78,81,82:0.33850
46,64,81,82:46,78,80:0.20710
14,15,19,20,23,24,25,64,81,82:48,81,84:0.11560
46,81,82:19,81,82:0.38480
6,7,9,84:6,8,9,84:0.55080
48,81,82,84:48,81,82:0.37100
46,84:46,48,81,82,84:0.30450
46,48,81:46,64,81,82:0.28920
48,64,82,84:64,78,82:0.21620
55,56,59,63,64,65,66,78,82:55,64,78,80:0.43870
46,48,64,84:78,81:0.11650
64,78,80,82:78,81,82:0.35010
55,64,65,78,82:64,82:0.46400
64,81:48,82:0.14310
6,7,8,9,10,11,84:55,64,78,80,82:-0.01940
64,80,81,82:64,78,81,82:0.38570
46,48,84:46,48,81,84:0.43210
64,78,81,82:78,80,82:0.38210
7,8,9,10,84:19,20,81,82:-0.02010
48,82:55,64,78,80,82:0.17380
46,48,64,81,82,84:8,9,10,84:0.06750
46,64,81,82:46,82:0.36200
46,81,82:23,82:0.35320
48,81,82,84:48,84:0.32300
48,81:82,84:0.17370
46,84:46,78,80:0.18940
48,82,84:48,81,82,84:0.32470
46,48,81:64,80,82:0.02840
46,48,82,84:82,84:0.28360
48,64,82,84:46,48,81,82,84:0.20770
55,56,59,63,64,65,66,78,82:46,48,84:-0.03050
46,48,64,84:64,80,81:0.07560
46,82,84:64,78,82:0.08100
64,78,80,82:6,8,9,84:-0.04240
55,64,78,80:64,78,82:0.47990
6,7,8,9,10,11,84:78,80,81,82:-0.01440
23,82:46,78,81,82:0.29260
46,48,84:48,64,82,84:0.20000
7,8,9,10,84:48,81,84:0.15570
46,48,64,81,82,84:78,82:0.21000
46,81,82:46,82,84:0.28860
48,81,82,84:64,81,82:0.20060
46,84:48,64,81,82,84:0.12440
48,82,84:64,81,82:0.10730
46,48,81:64,78,81:0.11110
55,56,59,63,64,65,66,78,82:19,82:0.14980
46,48,64,84:80,82:0.10810
82,84:46,78,80:0.11100
64,78,80,82:48,64,84:0.13110
55,64,78,80:46,78,81,82:0.19070
6,7,8,9,10,11,84:64,80,81,82:-0.02940
46,48,82:46,48,82,84:0.41500
46,48,84:78,80,81,82:0.03310
78,81,82:6,8,9,84:-0.03360
48,81,84:78,81:0.17920
64,78,81,82:48,81,82:0.28770
46,48,64,81,82,84:46,48,81,82,84:0.26080
48,81,82,84:46,48,64,84:0.20570
46,81:46,82,84:0.28330
46,84:64,78,80,81,82:-0.07080
48,64,81,82,84:23,82:0.22010
46,48,81:55,64,65,78,82:0.01960
46,48,82,84:46,82:0.36850
48,64,82,84:48,64,81,82,84:0.20720
46,48,64,84:55,64,78,80,82:0.09830
82,84:78,80,82:0.18650
55,64,78,80:48,84:-0.08710
6,7,8,9,10,11,84:46,48,82:0.00730
46,48,64,82,84:48,64,84:0.18830
46,48,82:46,48,81,82:0.46710
80,82:55,64,78,80,82:0.39760
64,81,82:48,82:0.29830
46,48,84:64,82:-0.13750
78,81,82:46,82,84:0.16990
48,81,84:46,64,81,82:0.13880
46,48,64,81,82,84:64,81:0.17910
48,81,82,84:46,48,82,84:0.30840
46,48,81,84:48,81,82:0.31540
8,9,10,84:46,48,84:0.20360
46,81:6,8,9,84:-0.00130
46,84:48,81:0.21860
48,64,81,82,84:48,64,84:0.17050
46,48,82,84:64,78,81,82:0.08150
46,48,64,84:46,78,81,82:0.17230
82,84:64,78,80,81,82:0.11760
33,36,37,38,40,41,42,84:64,82:-0.04240
55,64,65,78,82:64,78,81:0.40180
55,64,78,80:48,81,82:0.04770
6,7,8,9,10,11,84:46,48,81:0.01250
46,48,64,82,84:23,82:0.16560
64,81,82:48,84:-0.10990
46,48,84:46,48,64,81,84:0.28300
78,81,82:64,80,81:0.30650
48,81,84:46,82,84:0.25810
7,8,9,10,84:55,64,78,80,82:-0.02710
46,48,64,81,82,84:48,82:0.31010
46,48,81,84:64,81:0.05410
8,9,10,84:19,82:-0.03200
46,81:78,80,82:0.07740
46,84:46,81,82:0.18220
48,82,84:7,8,9,10,84:0.14840
46,48,81:8,9,10,84:0.02190
46,48,82,84:78,80,82:0.12430
82,84:46,82:0.25850
33,36,37,38,40,41,42,84:80,82:-0.01600
55,64,78,80:46,48,64,84:0.09850
6,7,8,9,10,11,84:82,84:0.20230
46,48,64,82,84:46,48,81,82,84:0.24770
64,81,82:46,48,81,82,84:0.16830
20,81,82:46,82,84:0.17340
48,81,84:23,82:0.11010
7,8,9,10,84:78,80,81,82:-0.02010
46,48,81,84:46,78,81,82:0.22690
46,84:48,81,84:0.33510
48,82,84:48,64,84:0.23180
46,48,82,84:78,82:0.16710
33,36,37,38,40,41,42,84:48,64,82,84:0.08830
55,64,78,80:64,81,82:0.28030
19,20,81,82:64,81,82:0.34850
48,64,84:46,48,64,81,84:0.18370
6,7,8,9,10,11,84:46,81,82:-0.01270
64,78,81:80,82:0.27530
64,81,82:46,78,80:0.16500
20,81,82:6,8,9,84:-0.03360
7,8,9,10,84:64,80,81:-0.03790
64,78,80,81,82:78,80,81,82:0.37550
55,64,78,82:48,84:-0.09190
46,48,81,84:46,48,64,82,84:0.24010
46,84:48,82,84:0.30820
48,82,84:23,82:0.20450
46,82:78,82:0.34390
33,36,37,38,40,41,42,84:19,81,82:-0.01680
64,80,82:82,84:0.12520
64,80,81:46,48,64,81,84:0.13070
55,64,78,80:64,78,80,82:0.48660
19,20,81,82:64,78,81,82:0.27510
64,78,81:55,64,78,80,82:0.39070
20,81,82:78,81:0.33840
7,8,9,10,84:78,81,82:-0.02690
78,82:46,78,81,82:0.36830
46,48,81,82:46,64,81,82:0.32810
64,78,80,81,82:64,82:0.44000
55,64,78,82:48,82:0.19800
48,82,84:46,48,81,84:0.31390
48,84:46,81:0.18850
64,80,81,82:64,81,82:0.41860
46,82:46,48,81,82,84:0.35040
33,36,37,38,40,41,42,84:64,78,81:-0.02370
64,80,82:46,48,84:-0.09160
64,80,81:46,48,64,82,84:0.11250
55,64,78,80:14,15,19,20,23,24,25,64,81,82:0.08410
19,20,81,82:46,82:0.26540
64,78,81:19,81,82:0.24220
14,15,19,20,23,24,25,64,81,82:46,78,81,82:0.21380
46,48,84:55,64,65,78,82:-0.05500
20,81,82:64,80,81:0.25450
78,80,81,82:78,80,82:0.40000
78,82:64,78,82:0.54600
46,48,81,82:78,81:0.24990
64,78,80,81,82:78,81,82:0.37010
55,64,78,82:64,78,82:0.52140
8,9,10,84:46,48,64,81,84:0.09380
48,82,84:48,64,82,84:0.25400
46,48,81,82,84:46,48,64,81,84:0.25430
48,84:46,48,81,84:0.41260
64,80,81,82:46,48,64,84:0.08110
46,82:23,82:0.35500
33,36,37,38,40,41,42,84:46,48,82,84:0.10570
64,80,81:48,64,81,82,84:0.18510
55,64,78,80:55,64,78,82:0.49640
19,20,81,82:46,48,64,82,84:0.12630
19,82:78,80,82:0.25580
64,78,81:46,81:0.17550
14,15,19,20,23,24,25,64,81,82:46,48,64,82,84:0.08710
20,81,82:19,82:0.44330
6,7,9,84:46,48,82,84:0.12310
48,81,84:46,48,64,84:0.24180
78,80,81,82:6,8,9,84:-0.02520
46,48,81,82:64,82:0.19620
19,81,82:46,48,81,82,84:0.23340
55,56,59,63,64,65,66,78,82:48,64,82,84:0.17100
64,78,80,81,82:46,64,81,82:0.29590
55,64,78,82:46,48,64,81,84:0.09660
8,9,10,84:64,78,82:-0.05650
46,48,81,82,84:64,82:0.08920
48,84:55,64,78,80,82:-0.07350
33,36,37,38,40,41,42,84:7,8,9,10,84:0.11090
64,80,82:64,80,81:0.42010
19,20,81,82:46,78,81,82:0.27480
19,82:78,82:0.34520
64,81,82:64,78,81:0.39850
14,15,19,20,23,24,25,64,81,82:46,82:0.18240
20,81,82:46,48,84:0.04410
6,7,9,84:64,78,81:-0.04730
64,78,82:23,82:0.29370
48,81,84:64,81,82:0.08690
48,81:46,48,64,82,84:0.24810
46,48,81,82:80,82:0.22960
19,81,82:46,78,80:0.07730
55,56,59,63,64,65,66,78,82:46,48,81,84:-0.01070
8,9,10,84:48,82:0.00220
78,81:64,78,82:0.37010
46,48,82:78,81,82:0.26350
48,84:78,80,81,82:0.00470
33,36,37,38,40,41,42,84:8,9,10,84:0.13320
64,80,82:78,81:0.25860
19,82:48,81,82:0.32840
14,15,19,20,23,24,25,64,81,82:64,78,81,82:0.24510
46,81,82:64,78,80,82:0.16360
48,81,82:78,82:0.29810
20,81,82:82,84:0.20010
6,7,9,84:19,81,82:-0.03360
48,81:46,48,64,81,84:0.31360
19,81,82:48,64,81,82,84:0.23380
55,56,59,63,64,65,66,78,82:23,82:0.15570
8,9,10,84:48,84:0.28840
55,64,65,78,82:46,48,81,84:-0.01920
78,81:46,78,81,82:0.34700
46,48,82:64,80,81:0.07650
64,80,82:6,8,9,84:-0.05650
19,82:64,81:0.21700
46,48,64,81,82,84:46,81,82:0.29210
14,15,19,20,23,24,25,64,81,82:64,81,82:0.30080
46,81,82:64,81,82:0.35370
48,81,82:46,48,81,82,84:0.35690
20,81,82:33,36,37,38,40,41,42,84:-0.01680
6,7,9,84:48,64,82,84:0.08820
48,81:64,78,81,82:0.20070
46,48,81:78,82:0.12020
55,56,59,63,64,65,66,78,82:48,64,84:0.13410
46,78,80:55,64,78,80,82:0.31730
55,64,65,78,82:46,81:0.03510
46,48,82:78,80,81,82:0.21050
64,80,81,82:23,82:0.29930
64,80,82:46,82,84:0.07350
55,64,78,80,82:64,82:0.45870
19,82:82,84:0.22580
46,48,64,81,82,84:82,84:0.19380
14,15,19,20,23,24,25,64,81,82:48,81,82,84:0.17500
20,81,82:46,48,82:0.26710
6,7,9,84:80,82:-0.03200
48,81,82,84:6,8,9,84:0.10940
48,81:48,64,81,82,84:0.29560
46,48,81:78,80,82:0.07580
55,56,59,63,64,65,66,78,82:7,8,9,10,84:-0.01510
46,48,64,84:46,81,82:0.18320
55,64,78,82:19,82:0.22520
46,78,80:46,78,81,82:0.25540
55,64,65,78,82:48,64,84:0.13670
64,81:64,82:0.42910
6,7,8,9,10,11,84:48,82:0.00120
78,81:48,81,82:0.29890
46,48,82:55,64,78,80,82:0.10990
64,80,81,82:46,82,84:0.08930
55,64,78,80,82:46,48,64,81,84:0.09470
19,82:19,20,81,82:0.47740
48,82:46,82,84:0.32180
46,64,81,82:55,64,78,80,82:0.24490
14,15,19,20,23,24,25,64,81,82:46,48,64,81,82,84:0.14140
46,81,82:48,81,82:0.44920
48,81,82:48,82:0.50130
6,7,9,84:64,82:-0.08470
48,81,82,84:48,64,84:0.18780
46,84:46,78,81,82:0.13670
46,48,81,82:48,81:0.47010
46,48,81:64,78,81,82:0.14350
55,56,59,63,64,65,66,78,82:14,15,19,20,23,24,25,64,81,82:0.10260
46,48,64,84:48,81:0.23910
46,82,84:78,80,82:0.14150
55,64,78,82:46,48,84:-0.06870
64,78,80,82:48,64,81,82,84:0.18120
55,64,65,78,82:6,8,9,84:-0.03390
64,81:80,82:0.26520
6,7,8,9,10,11,84:64,81:-0.04060
64,80,81,82:46,64,81,82:0.32120
64,78,81,82:46,82,84:0.09490
7,8,9,10,84:46,48,81,82:0.00030
48,82:23,82:0.37080
46,48,64,81,82,84:46,48,82:0.30640
46,64,81,82:78,80,81,82:0.29970
14,15,19,20,23,24,25,64,81,82:55,64,78,82:0.15760
46,81,82:48,84:0.11920
48,81,82,84:46,81:0.30800
46,84:55,64,78,80,82:-0.07670
46,48,81:46,82:0.41160
46,48,82,84:55,64,65,78,82:0.05150
48,64,82,84:48,64,84:0.19910
55,56,59,63,64,65,66,78,82:20,81,82:0.11960
46,48,64,84:64,78,80,81,82:0.09280
64,78,80,82:64,78,81,82:0.40680
64,81:48,64,82,84:0.13700
6,7,8,9,10,11,84:46,48,81,82,84:0.08850
64,80,81,82:78,81:0.31890
46,48,84:64,81:-0.10970
64,78,81,82:6,8,9,84:-0.05150
7,8,9,10,84:46,48,82,84:0.11810
46,48,64,81,82,84:64,80,81,82:0.18670
14,15,19,20,23,24,25,64,81,82:46,84:-0.03540
46,81,82:46,78,81,82:0.38680
48,81,82,84:46,48,81,84:0.31550
48,81:64,78,81:0.17300
46,84:80,82:-0.02550
48,82,84:19,82:0.18680
46,48,81:19,20,81,82:0.23770
46,48,82,84:64,78,81:0.01570
48,64,82,84:23,82:0.18770
55,56,59,63,64,65,66,78,82:64,81,82:0.27150
46,48,64,84:48,64,81,82,84:0.16760
64,78,80,82:46,48,64,81,84:0.09430
55,64,78,80:46,82,84:0.01090
64,81:19,81,82:0.32660
6,7,8,9,10,11,84:78,82:-0.01830
46,48,82:48,81,84:0.29900
46,48,84:48,81,82:0.24580
64,78,81,82:78,81:0.40250
46,48,64,81,82,84:78,80,81,82:0.20140
46,81,82:64,78,82:0.20530
48,81,82,84:46,48,84:0.30190
46,81:48,82:0.31720
46,84:64,80,81:-0.10090
48,82,84:46,48,84:0.37120
46,48,81:82,84:0.16420
46,48,82,84:64,80,82:0.05040
55,56,59,63,64,65,66,78,82:48,81,82,84:0.06230
46,48,64,84:46,78,80:0.20570
82,84:80,82:0.22450
64,78,80,82:46,48,64,82,84:0.15670
55,64,78,80:23,82:0.09950
6,7,8,9,10,11,84:8,9,10,84:0.55560
46,48,82:19,20,81,82:0.21360
46,48,84:78,82:0.01920
78,81,82:46,78,81,82:0.37510
48,81,84:64,78,81,82:0.06510
64,78,81,82:64,80,81:0.36040
46,48,64,81,82,84:55,64,78,80,82:0.13880
48,81,82,84:6,7,9,84:0.10540
46,81:64,78,82:0.05860
46,84:78,81:0.01480
48,64,81,82,84:46,48,64,81,84:0.19480
46,48,81:33,36,37,38,40,41,42,84:0.01100
46,48,82,84:46,64,81,82:0.18210
46,48,64,84:46,48,81,82,84:0.23630
82,84:64,82:0.14930
33,36,37,38,40,41,42,84:6,8,9,84:0.12840
55,64,78,80:19,81,82:0.07060
6,7,8,9,10,11,84:20,81,82:-0.01920
46,48,82:48,81:0.42300
80,82:78,80,82:0.48320
64,81,82:46,81:0.25970
46,48,84:78,80,82:0.01280
78,81,82:46,48,64,82,84:0.19290
48,81,84:48,64,81,82,84:0.22700
7,8,9,10,84:23,82:-0.02560
46,48,64,81,82,84:46,48,81,84:0.25350
46,48,81,84:48,64,82,84:0.18240
8,9,10,84:82,84:0.22220
46,81:46,48,64,81,84:0.30130
46,84:64,78,80,82:-0.09590
48,82,84:64,80,81,82:0.09330
48,64,81,82,84:64,78,82:0.20230
46,48,82,84:78,81,82:0.16410
82,84:78,81:0.10630
33,36,37,38,40,41,42,84:78,80,82:-0.01070
55,64,78,80:48,64,82,84:0.16340
19,20,81,82:46,81,82:0.34800
6,7,8,9,10,11,84:14,15,19,20,23,24,25,64,81,82:-0.01180
46,48,64,82,84:46,78,81,82:0.22410
64,81,82:19,81,82:0.38550
78,81,82:46,82:0.32190
48,81,84:46,48,64,82,84:0.21420
7,8,9,10,84:46,48,81,82,84:0.08860
46,48,64,81,82,84:46,81:0.29310
8,9,10,84:48,81,82,84:0.11900
46,84:46,48,82,84:0.37320
48,82,84:46,48,82:0.36500
48,64,81,82,84:48,82:0.30250
46,48,81:48,82,84:0.30550
46,48,82,84:64,82:0.05630
82,84:46,64,81,82:0.13640
33,36,37,38,40,41,42,84:46,78,80:0.00570
55,64,78,80:19,82:0.09950
6,7,8,9,10,11,84:64,78,80,82:-0.02420
64,81,82:55,64,78,80,82:0.33260
20,81,82:64,78,82:0.24340
48,81,84:46,48,64,81,84:0.26520
7,8,9,10,84:78,82:-0.02560
46,48,81,84:23,82:0.10190
46,84:55,64,78,82:-0.09590
48,82,84:46,48,64,82,84:0.25870
46,48,82,84:78,80,81,82:0.13270
33,36,37,38,40,41,42,84:48,81,82:-0.00540
55,64,78,80:46,48,81,82:0.02050
19,20,81,82:46,48,84:0.03310
48,64,84:6,8,9,84:0.14440
6,7,8,9,10,11,84:64,80,82:-0.03230
64,78,81:46,78,80:0.25830
64,81,82:80,82:0.36920
20,81,82:46,48,64,81,84:0.17150
7,8,9,10,84:48,64,81,82,84:0.06630
64,78,80,81,82:78,82:0.41490
55,64,78,82:46,48,81,84:-0.02400
46,48,81,84:48,64,84:0.20430
48,82,84:46,78,81,82:0.20340
46,82:78,80,81,82:0.26070
33,36,37,38,40,41,42,84:48,84:0.21890
64,80,82:64,78,81:0.36680
64,80,81:23,82:0.18810
19,20,81,82:78,81:0.28410
64,78,81:46,48,81,82,84:0.08520
14,15,19,20,23,24,25,64,81,82:46,48,81,82,84:0.14230
20,81,82:64,78,80,81,82:0.27430
7,8,9,10,84:64,78,81,82:-0.04120
78,82:6,8,9,84:-0.03200
46,48,81,82:46,82:0.45300
64,78,80,81,82:78,80,82:0.40720
55,64,78,82:48,64,82,84:0.20140
8,9,10,84:78,80,82:-0.02140
48,82,84:64,81:0.00070
48,84:48,82:0.30870
64,80,81,82:64,78,80,82:0.39740
46,82:55,64,78,80,82:0.17060
33,36,37,38,40,41,42,84:82,84:0.18580
64,80,81:46,82,84:0.01930
55,64,78,80:46,48,81:-0.03900
19,20,81,82:64,80,81:0.21110
19,82:46,48,64,81,84:0.09840
64,78,81:48,84:-0.10350
14,15,19,20,23,24,25,64,81,82:23,82:0.48620
46,48,84:64,78,81:-0.07320
20,81,82:48,64,81,82,84:0.25440
78,80,81,82:64,82:0.39070
78,82:48,64,84:0.13250
46,48,81,82:64,78,80,81,82:0.18420
19,81,82:46,78,81,82:0.30700
55,64,78,82:48,64,84:0.13170
8,9,10,84:6,8,9,84:0.54450
48,82,84:48,81,82:0.31990
46,48,81,82,84:6,8,9,84:0.09440
48,84:64,81:-0.15520
64,80,81,82:6,7,9,84:-0.05150
33,36,37,38,40,41,42,84:46,81,82:-0.01110
64,80,81:46,64,81,82:0.28000
55,64,78,80:46,48,82:0.02310
19,20,81,82:46,82,84:0.14330
19,82:64,82:0.35860
64,78,81:48,82:0.13230
14,15,19,20,23,24,25,64,81,82:48,64,84:0.02360
20,81,82:46,48,64,84:0.06360
6,7,9,84:19,20,81,82:-0.02520
48,81,84:19,82:0.09240
46,48,81,82:78,80,82:0.17150
19,81,82:55,64,78,80,82:0.15710
55,56,59,63,64,65,66,78,82:48,64,81,82,84:0.14660
64,78,80,81,82:46,82:0.21170
55,64,78,82:23,82:0.23840
8,9,10,84:46,82,84:0.15950
